Company,Date,MarketCap,EnterpriseValue
United,10/31/2022,14084050959,32367050959
United,9/30/2022,10634934106,28569934106
United,8/31/2022,11439331876,29374331876
United,7/29/2022,12007867651,29942867651
United,6/30/2022,11573276057,31508276057
United,5/31/2022,15562196672,35497196672
United,4/29/2022,16499914591,36434914591
United,3/31/2022,15147149995,36107149995
United,2/28/2022,14413409140,35373409140
United,1/31/2022,13885008176,35679008176
United,12/31/2021,14176437918,34641437918
United,11/30/2021,13684063408,34149063408
United,10/29/2021,14940432694,35405432694
United,9/30/2021,15403480437,34416480437
United,8/31/2021,15051234165,34064234165
United,7/30/2021,15119192865,34132192865
United,6/30/2021,16921606901,37605606901
United,5/31/2021,18880791120,39564791120
United,4/30/2021,17602657017,38286657017
United,3/31/2021,18618645782,39686645782
United,3/4/2021,16576690374,37644690374
United,2/26/2021,16777330430,37845330430
United,2/12/2021,13700920267,34768920267
United,2/4/2021,13225356289,34293356289
United,1/29/2021,12470690827,33538690827
United,12/31/2020,13487306284,32646306284
United,11/30/2020,13184438912,32343438912
United,10/30/2020,9852954345,29011954345
United,10/28/2020,9486305719,28645305719
United,9/30/2020,10111918276,27540918276
United,9/24/2020,9526812002,26955812002
United,9/17/2020,11160686448,28589686448
United,9/2/2020,10734395074,28163395074
United,8/31/2020,10475448300,27904448300
United,8/19/2020,10021477147,27450477147
United,7/31/2020,9131067156,26560067156
United,7/29/2020,9477337708,26906337708
United,7/16/2020,10017510787,28225510787
United,7/14/2020,9218782035,27426782035
United,6/30/2020,10070894495,28278894495
United,6/12/2020,11518539584,29726539584
United,5/29/2020,8143717850,26351717850
United,5/7/2020,6607331708,24815331708
United,4/30/2020,8590983381,26798983381
United,3/31/2020,7800953775,23306953775
United,2/28/2020,15271309234,30777309234
United,1/31/2020,18790985298,34296985298
United,12/31/2019,22129651002,37143651002
United,11/29/2019,23482450720,38496450720
United,10/31/2019,22986485166,38000485166
United,9/30/2019,22422933734,37161933734
United,8/30/2019,21661049051,36400049051
United,7/31/2019,23613652215,38352652215
United,6/28/2019,23036978707,39057978707
United,5/31/2019,20431997677,36452997677
United,4/30/2019,23381678217,39402678217
United,3/29/2019,21279526093,32057526093
United,2/28/2019,23421348536,34199348536
United,1/31/2019,23555461890,34333461890
United,12/31/2018,22599963608,32044963608
United,11/30/2018,26347308640,35792308640
United,10/31/2018,23298431870,32743431870
United,9/28/2018,24278109746,33710109746
United,8/31/2018,23831039232,33263039232
United,7/31/2018,21917359348,31349359348
United,6/29/2018,19333722826,29822722826
United,5/31/2018,19294905657,29783905657
United,4/30/2018,18726511397,29215511397
United,3/30/2018,19778147000,30372147000
United,2/28/2018,19299850081,29893850081
United,1/31/2018,19462522084,29077522084
United,12/29/2017,19967414119,29582414119
United,11/30/2017,18758704184,28373704184
United,10/31/2017,17324842398,26939842398
United,9/29/2017,18521241804,27035241804
United,8/31/2017,18849805226,27363805226
United,7/31/2017,20589974462,29103974462
United,6/30/2017,22952016045,31416016045
United,5/31/2017,24670293998,33134293998
United,4/28/2017,21740948181,30204948181
United,3/31/2017,21978239517,29255239517
United,2/28/2017,23310392212,30587392212
United,1/31/2017,22170760069,28771760069
United,12/30/2016,23123773289,29724773289
United,11/30/2016,21876840947,28477840947
United,10/31/2016,17840968332,24441968332
United,9/30/2016,16680510609,23410510609
United,8/31/2016,16252602302,22982602302
United,7/29/2016,15117725093,21847725093
United,6/30/2016,13253133219,20887133219
United,5/31/2016,15136698300,22770698300
United,4/29/2016,15378402065,23012402065
United,3/31/2016,20310774852,26873774852
United,2/29/2016,20584100106,27147100106
United,1/29/2016,17603327734,24125327734
United,12/31/2015,20892101888,27414101888
United,11/30/2015,20776716124,27298716124
United,10/30/2015,22484187142,29006187142
United,9/30/2015,19826370293,26500370293
United,8/31/2015,21521117433,28195117433
United,7/31/2015,21302015307,27976015307
United,6/30/2015,20082248763,26760248763
United,5/29/2015,20853459155,27531459155
United,4/30/2015,22820766623,29498766623
United,3/31/2015,25722499104,33453499104
United,2/27/2015,25043874731,32774874731
United,1/30/2015,25980862792,32560862792
United,12/31/2014,25052038521,31632038521
United,11/28/2014,22598202696,29178202696
United,10/31/2014,19490626888,26070626888
United,9/30/2014,17299618506,23823618506
United,8/29/2014,17785884896,24309884896
United,7/31/2014,17330123931,23854123931
United,6/30/2014,15342506018,22442506018
United,5/30/2014,16572390627,23672390627
United,4/30/2014,15265125195,22365125195
United,3/31/2014,16669437238,23957437238
United,2/28/2014,16705171877,23993171877
United,1/31/2014,16607078161,22930078161
United,12/31/2013,13705186885,20028186885
United,11/29/2013,14203459986,20526459986
United,10/31/2013,12285540548,18608540548
United,9/30/2013,11113059638,17115059638
United,8/30/2013,10129019956,16131019956
United,7/31/2013,12403244746,18405244746
United,6/28/2013,10448904906,17205904906
United,5/31/2013,10839611801,17596611801
United,4/30/2013,10786181799,17543181799
United,3/29/2013,10647650799,17270650799
United,2/28/2013,8884684562,15507684562
United,1/31/2013,8029217612,14652217612
United,12/31/2012,7773213573,14396213573
United,11/30/2012,6721671270,12285671270
United,10/31/2012,6385920134,11949920134
United,9/28/2012,6480943131,11223943131
United,8/31/2012,6131969270,10874969270
United,7/31/2012,6278205935,11021205935
United,6/29/2012,8079046733,13242046733
United,5/31/2012,8357978063,13520978063
United,4/30/2012,7278779465,12441779465
United,3/30/2012,7139433082,12112433082
United,2/29/2012,6857176425,11830176425
United,1/31/2012,7643933035,12616933035
United,12/30/2011,6243195147,11043195147
United,11/30/2011,5945427493,10745427493
United,10/31/2011,6392078974,11192078974
United,9/30/2011,6411861294,11211861294
United,8/31/2011,6149079420,11168079420
United,7/29/2011,5993615874,11012615874
United,6/30/2011,7485242658,12504242658
United,5/31/2011,7980823741,13677823741
United,4/29/2011,7541300115,13238300115
United,3/31/2011,7584106613,13281106613
United,2/28/2011,7898361833,14351361833
United,1/31/2011,8329233151,14782233151
United,12/31/2010,7811115498,14264115498
United,11/30/2010,8776549527,12679549527
United,10/29/2010,9207767279,13110767279
United,9/30/2010,3986953414,7889953414
United,8/31/2010,3569687735,7837687735
United,7/30/2010,3996905404,8264905404
United,6/30/2010,3461518505,7729518505
United,5/31/2010,3359095368,9147095368
United,4/30/2010,3625590315,9413590315
United,3/31/2010,3274642219,9062642219
United,2/26/2010,2871833356,8372833356
United,1/29/2010,2049877882,7550877882
United,12/31/2009,2163853104,7664853104
United,11/30/2009,1296237089,6578237089
United,10/30/2009,1087436011,6369436011
United,9/30/2009,1364855418,6646855418
United,8/31/2009,901866936,6147866936
United,7/31/2009,596419225,5842419225
United,6/30/2009,461827857,5707827857
United,5/29/2009,669291193,6160291193
United,4/30/2009,708153262,6199153262
United,3/31/2009,644822483,6135822483
United,2/27/2009,687586226,6797586226
United,1/30/2009,1321958040,7431958040
United,12/31/2008,1543217966,7653217966
United,11/28/2008,1449742961,6577742961
United,10/31/2008,1876289556,7004289556
United,9/30/2008,1132732500,6260732500
United,8/29/2008,1406458540,6503458540
United,7/31/2008,1051995541,6148995541
United,6/30/2008,660820304,5757820304
United,5/30/2008,1073984336,6403984336
United,4/30/2008,1873813421,7203813421
United,3/31/2008,2706564461,8036564461
United,2/29/2008,3605529683,8500529683
United,1/31/2008,4437153809,9332153809
United,12/31/2007,4169404607,9064404607
United,11/30/2007,4760454440,9727454440
United,10/31/2007,5569754951,10536754951
United,9/28/2007,5399123532,10392123532
United,8/31/2007,5494177277,10487177277
United,7/31/2007,5108763114,10101763114
United,6/29/2007,4697886153,10624886153
United,5/31/2007,4537898311,10464898311
United,4/30/2007,3860565553,9787565553
United,3/30/2007,4411909795,10867909795
United,2/28/2007,4508527466,10964527466
United,1/31/2007,4850523172,11306523172
United,12/29/2006,4940347676,11547347676
United,11/30/2006,4493418733,11100418733
United,10/31/2006,3979632066,10586632066
United,9/29/2006,2942093044,9397093044
United,8/31/2006,2606186075,9061186075
United,7/31/2006,2725028160,9180028160
United,6/30/2006,3233755681,9688755681
United,5/31/2006,2899277055,9970277055
United,4/28/2006,3534694555,10605694555
United,3/31/2006,3889432480,10960432480
United,2/28/2006,3455000503,3050000503
United,1/31/2006,4089115340,3684115340
SouthWest,10/31/2022,21582885345,18021885345
SouthWest,9/30/2022,18298918965,13868918965
SouthWest,8/31/2022,21775950908,17345950908
SouthWest,7/29/2022,22618508137,18188508137
SouthWest,6/30/2022,21417586540,17918586540
SouthWest,5/31/2022,27192982246,23693982246
SouthWest,4/29/2022,27702924783,24203924783
SouthWest,3/31/2022,27152291656,23929291656
SouthWest,2/28/2022,25966589275,22743589275
SouthWest,1/31/2022,26503296078,23280296078
SouthWest,12/31/2021,25366425469,22177425469
SouthWest,11/30/2021,26281243870,23092243870
SouthWest,10/29/2021,27985973202,24796973202
SouthWest,9/30/2021,30428279566,26853279566
SouthWest,8/31/2021,29452066047,25877066047
SouthWest,7/30/2021,29889883019,26314883019
SouthWest,6/30/2021,31396182419,29833182419
SouthWest,5/31/2021,36346004360,34783004360
SouthWest,4/30/2021,37126621441,35563621441
SouthWest,3/31/2021,36104406999,34969406999
SouthWest,2/26/2021,34336081563,33201081563
SouthWest,1/29/2021,25945442367,24810442367
SouthWest,1/22/2021,27982578830,26015578830
SouthWest,12/31/2020,27522008847,25555008847
SouthWest,11/30/2020,27353253924,25386253924
SouthWest,11/27/2020,28173733487,26206733487
SouthWest,11/19/2020,27199782927,25232782927
SouthWest,10/30/2020,23333494338,21366494338
SouthWest,10/29/2020,23357105261,21390105261
SouthWest,9/30/2020,22120204050,19085204050
SouthWest,9/24/2020,21742685900,18707685900
SouthWest,9/10/2020,22969619885,19934619885
SouthWest,8/31/2020,22167393818,19132393818
SouthWest,8/14/2020,20586536569,17551536569
SouthWest,8/12/2020,20792991807,17757991807
SouthWest,7/31/2020,18221149416,15186149416
SouthWest,6/30/2020,20157080639,20961080639
SouthWest,5/29/2020,18919275513,19723275513
SouthWest,5/28/2020,19184499001,19988499001
SouthWest,5/20/2020,17180588199,17984588199
SouthWest,4/30/2020,15902672812,16706672812
SouthWest,3/31/2020,18117254297,18041254297
SouthWest,2/28/2020,23878225261,23802225261
SouthWest,1/31/2020,28440908789,28364908789
SouthWest,12/31/2019,28019091777,28384091777
SouthWest,11/29/2019,30334555902,30699555902
SouthWest,10/31/2019,30170831455,30535831455
SouthWest,9/30/2019,29031295330,29570295330
SouthWest,8/30/2019,28122891532,28661891532
SouthWest,7/31/2019,27698253071,28237253071
SouthWest,6/28/2019,27576834504,28399834504
SouthWest,5/31/2019,25849888192,26672888192
SouthWest,4/30/2019,29450408333,30273408333
SouthWest,3/29/2019,28376498562,28064498562
SouthWest,2/28/2019,30972683097,30660683097
SouthWest,1/31/2019,31365766656,31053766656
SouthWest,12/31/2018,25685004126,25311004126
SouthWest,11/30/2018,30707562989,30333562989
SouthWest,10/31/2018,27609253667,27235253667
SouthWest,9/28/2018,35785048415,35619048415
SouthWest,8/31/2018,35126076347,34960076347
SouthWest,7/31/2018,33326796090,33160796090
SouthWest,6/29/2018,29500388240,29849388240
SouthWest,5/31/2018,29616348886,29965348886
SouthWest,4/30/2018,30631004535,30980004535
SouthWest,3/30/2018,33337483539,33732483539
SouthWest,2/28/2018,34036977725,34431977725
SouthWest,1/31/2018,35783887302,36178887302
SouthWest,12/29/2017,38837222347,38876222347
SouthWest,11/30/2017,36000829332,36039829332
SouthWest,10/31/2017,31959859367,31998859367
SouthWest,9/29/2017,33507691036,33450691036
SouthWest,8/31/2017,31209199903,31152199903
SouthWest,7/31/2017,33226365298,33169365298
SouthWest,6/30/2017,37573739121,37157739121
SouthWest,5/31/2017,36334180621,35918180621
SouthWest,4/28/2017,33991164530,33575164530
SouthWest,3/31/2017,32503824353,32585824353
SouthWest,2/28/2017,35509498088,35591498088
SouthWest,1/31/2017,32179060349,32261060349
SouthWest,12/30/2016,30681391261,30530391261
SouthWest,11/30/2016,28693010568,28542010568
SouthWest,10/31/2016,24654689406,24503689406
SouthWest,9/30/2016,24120848225,24059848225
SouthWest,8/31/2016,22874180574,22813180574
SouthWest,7/29/2016,22954810820,22893810820
SouthWest,6/30/2016,25042909545,24768909545
SouthWest,5/31/2016,27131415391,26857415391
SouthWest,4/29/2016,28491818281,28217818281
SouthWest,3/31/2016,28610939526,28737939526
SouthWest,2/29/2016,26779632448,26906632448
SouthWest,1/29/2016,24004194603,24131194603
SouthWest,12/31/2015,27885725628,27457725628
SouthWest,11/30/2015,29838292355,29410292355
SouthWest,10/30/2015,30104937949,29676937949
SouthWest,9/30/2015,25081884931,24636884931
SouthWest,8/31/2015,24198348501,23753348501
SouthWest,7/31/2015,23868670729,23423670729
SouthWest,6/30/2015,22113935321,21362935321
SouthWest,5/29/2015,24760389956,24009389956
SouthWest,4/30/2015,27106111110,26355111110
SouthWest,3/31/2015,29679883817,29383883817
SouthWest,2/27/2015,29229975890,28933975890
SouthWest,1/30/2015,30523340715,30227340715
SouthWest,12/31/2014,28591141634,27763141634
SouthWest,11/28/2014,28385089260,27557089260
SouthWest,10/31/2014,23403105636,22575105636
SouthWest,9/30/2014,23137184081,21901184081
SouthWest,8/29/2014,21931337353,20695337353
SouthWest,7/31/2014,19375764460,18139764460
SouthWest,6/30/2014,18582907411,17898907411
SouthWest,5/30/2014,18299251714,17615251714
SouthWest,4/30/2014,16721849298,16037849298
SouthWest,3/31/2014,16322163370,15990163370
SouthWest,2/28/2014,15652383783,15320383783
SouthWest,1/31/2014,14706721191,14374721191
SouthWest,12/31/2013,13196943121,12743943121
SouthWest,11/29/2013,12952034857,12499034857
SouthWest,10/31/2013,11997527716,11544527716
SouthWest,9/30/2013,10282474456,9823474456
SouthWest,8/30/2013,9046600123,8587600123
SouthWest,7/31/2013,9766938306,9307938306
SouthWest,6/28/2013,9310408175,9163408175
SouthWest,5/31/2013,10234948319,10087948319
SouthWest,4/30/2013,9895468735,9748468735
SouthWest,3/29/2013,9733933153,9917933153
SouthWest,2/28/2013,8446838645,8630838645
SouthWest,1/31/2013,8186881471,8370881471
SouthWest,12/31/2012,7478471567,7662471567
SouthWest,11/30/2012,7032944025,7023944025
SouthWest,10/31/2012,6508978625,6499978625
SouthWest,9/28/2012,6516728486,6536728486
SouthWest,8/31/2012,6643050475,6663050475
SouthWest,7/31/2012,6828818106,6848818106
SouthWest,6/29/2012,7078054897,6601054897
SouthWest,5/31/2012,6932194764,6455194764
SouthWest,4/30/2012,6356431079,5879431079
SouthWest,3/30/2012,6324036922,6931036922
SouthWest,2/29/2012,6940967129,7547967129
SouthWest,1/31/2012,7401130959,8008130959
SouthWest,12/30/2011,6664151701,7214151701
SouthWest,11/30/2011,6524017670,7074017670
SouthWest,10/31/2011,6656366477,7206366477
SouthWest,9/30/2011,6464143654,7014143654
SouthWest,8/31/2011,6930462475,6788462475
SouthWest,7/29/2011,7449668313,7307668313
SouthWest,6/30/2011,8541687965,8399687965
SouthWest,5/31/2011,8848351018,7716351018
SouthWest,4/29/2011,8788514325,7656514325
SouthWest,3/31/2011,9445201922,8313201922
SouthWest,2/28/2011,8845417817,8687417817
SouthWest,1/31/2011,8857096123,8699096123
SouthWest,12/31/2010,9701696850,9543696850
SouthWest,11/30/2010,9951317760,10035317760
SouthWest,10/29/2010,10280039969,10364039969
SouthWest,9/30/2010,9749516245,9833516245
SouthWest,8/31/2010,8242705012,8565705012
SouthWest,7/30/2010,8988651167,9311651167
SouthWest,6/30/2010,8270810713,8593810713
SouthWest,5/31/2010,9260925767,9962925767
SouthWest,4/30/2010,9811816850,10513816850
SouthWest,3/31/2010,9832998613,10534998613
SouthWest,2/26/2010,9356968423,10278968423
SouthWest,1/29/2010,8421221738,9343221738
SouthWest,12/31/2009,8490100341,9412100341
SouthWest,11/30/2009,6825847181,8147847181
SouthWest,10/30/2009,6232295252,7554295252
SouthWest,9/30/2009,7117895126,8439895126
SouthWest,8/31/2009,6065039805,7250039805
SouthWest,7/31/2009,5820362160,7005362160
SouthWest,6/30/2009,4985675231,6170675231
SouthWest,5/29/2009,4993083367,6469083367
SouthWest,4/30/2009,5170878620,6646878620
SouthWest,3/31/2009,4685127307,6161127307
SouthWest,2/27/2009,4359462849,6217462849
SouthWest,1/30/2009,5203229852,7061229852
SouthWest,12/31/2008,6376422086,8234422086
SouthWest,11/28/2008,6398613811,5619613811
SouthWest,10/31/2008,8713950369,7934950369
SouthWest,9/30/2008,10649352405,9870352405
SouthWest,8/29/2008,11177783400,8000783400
SouthWest,7/31/2008,11441998897,8264998897
SouthWest,6/30/2008,9570472458,6393472458
SouthWest,5/30/2008,9556756998,8553756998
SouthWest,4/30/2008,9688473404,8685473404
SouthWest,3/31/2008,9073796844,8070796844
SouthWest,2/29/2008,9019263909,8331263909
SouthWest,1/31/2008,8622004324,7934004324
SouthWest,12/31/2007,8964529866,8276529866
SouthWest,11/30/2007,10386637459,10408637459
SouthWest,10/31/2007,10430679738,10452679738
SouthWest,9/28/2007,10863762148,10390762148
SouthWest,8/31/2007,11291942448,10818942448
SouthWest,7/31/2007,11702966164,11229966164
SouthWest,6/29/2007,11142479278,10888479278
SouthWest,5/31/2007,11173718727,10919718727
SouthWest,4/30/2007,11204952043,10950952043
SouthWest,3/30/2007,11478243556,11408243556
SouthWest,2/28/2007,11921084612,11851084612
SouthWest,1/31/2007,11905315982,11835315982
SouthWest,12/29/2006,12000300299,11559300299
SouthWest,11/30/2006,12439699069,11998699069
SouthWest,10/31/2006,11901252515,11460252515
SouthWest,9/29/2006,13191940578,12036940578
SouthWest,8/31/2006,13614855527,12459855527
SouthWest,7/31/2006,14141527190,12986527190
SouthWest,6/30/2006,12868082274,11713082274
SouthWest,5/31/2006,12921342755,11943342755
SouthWest,4/28/2006,13017650900,12039650900
SouthWest,3/31/2006,14438196035,13460196035
SouthWest,2/28/2006,13494174981,12958174981
SouthWest,1/31/2006,13244729886,12708729886
SouthWest,12/30/2005,13085549502,12482549502
SouthWest,11/30/2005,13079974528,12476974528
SouthWest,10/31/2005,12691538921,12088538921
SouthWest,9/30/2005,11771977075,11168977075
SouthWest,8/31/2005,10486444032,10225444032
SouthWest,7/29/2005,11171369430,10910369430
SouthWest,6/30/2005,10966679081,10705679081
SouthWest,5/31/2005,11418140828,11510140828
SouthWest,4/29/2005,11677108971,11769108971
SouthWest,3/31/2005,11174867725,11266867725
SouthWest,2/28/2005,10855241133,11396241133
SouthWest,1/31/2005,11349017445,11890017445
SouthWest,12/31/2004,12779519821,13320519821
SouthWest,11/30/2004,12262846661,12309846661
SouthWest,10/29/2004,12294029997,12341029997
SouthWest,9/30/2004,10617925717,10664925717
SouthWest,8/31/2004,11710496973,11498496973
SouthWest,7/30/2004,11433933279,11221933279
SouthWest,6/30/2004,13251351838,13039351838
SouthWest,5/31/2004,12255722540,12008722540
SouthWest,4/30/2004,11283798702,11036798702
SouthWest,3/31/2004,11228485964,10981485964
SouthWest,2/27/2004,10901485263,10574485263
SouthWest,1/30/2004,11801390636,11474390636
SouthWest,12/31/2003,12740765542,12413765542
SouthWest,11/28/2003,14153686448,13775686448
SouthWest,10/31/2003,15271497058,14893497058
SouthWest,9/30/2003,13933273089,13555273089
SouthWest,8/29/2003,13380306786,12847306786
SouthWest,7/31/2003,12847913069,12314913069
SouthWest,6/30/2003,13466429299,12933429299
SouthWest,5/30/2003,12516876638,12306876638
SouthWest,4/30/2003,12431197955,12221197955
SouthWest,3/31/2003,11184960920,10974960920
SouthWest,2/28/2003,9374321130,9242204130
SouthWest,1/31/2003,10135450766,10003333766
SouthWest,12/31/2002,10795614226,10663497226
SouthWest,11/29/2002,12936603547,12683504547
SouthWest,10/31/2002,11309845017,11056746017
SouthWest,9/30/2002,10116889820,9863790820
SouthWest,8/30/2002,10983130945,10556661945
SouthWest,7/31/2002,10673964698,10247495698
SouthWest,6/28/2002,12490322560,12118761560
SouthWest,5/31/2002,13141786830,12770225830
SouthWest,4/30/2002,14052374526,13680813526
SouthWest,3/29/2002,14932085400,14493949400
SouthWest,2/28/2002,16186593440,15748457440
SouthWest,1/31/2002,14522694446,14084558446
SouthWest,12/31/2001,14169978530,13731842530
SouthWest,11/30/2001,14350221225,14102600225
SouthWest,10/31/2001,12168987598,11921366598
SouthWest,9/28/2001,11357721758,11252477758
SouthWest,8/31/2001,13657258702,13552014702
SouthWest,7/31/2001,15275670578,15170426578
SouthWest,6/29/2001,14115299799,14295443799
SouthWest,5/31/2001,15232867180,15413011180
SouthWest,4/30/2001,13869525567,14049669567
SouthWest,3/30/2001,13439661000,13786410000
SouthWest,2/28/2001,14090288695,14437037695
SouthWest,1/31/2001,15822788171,16169537171
SouthWest,12/29/2000,16904298258,17194957258
SouthWest,11/30/2000,15839938705,16130597705
SouthWest,10/31/2000,14302767579,14593426579
SouthWest,9/29/2000,12170149655,12405495655
SouthWest,8/31/2000,11279838156,11515184156
SouthWest,7/31/2000,11778654840,12014000840
SouthWest,6/30/2000,9441620150,9676966150
SouthWest,5/31/2000,9521637728,9854353728
SouthWest,4/28/2000,10762457779,11095173779
SouthWest,3/31/2000,10327761372,10660477372
SouthWest,2/29/2000,9171304102,9632075102
SouthWest,1/31/2000,7959605933,8420376933
SouthWest,12/31/1999,8053248356,8514019356
SouthWest,11/30/1999,8228612250,8586212250
SouthWest,10/29/1999,8481334686,8838934686
SouthWest,9/30/1999,7661121750,8018721750
SouthWest,8/31/1999,8415222818,8552522818
SouthWest,7/30/1999,9328983642,9466283642
SouthWest,6/30/1999,10463620426,10600920426
SouthWest,5/31/1999,10759246341,10981646341
SouthWest,4/30/1999,10927619109,11150019109
SouthWest,3/31/1999,10151443302,10373843302
SouthWest,2/26/1999,10010715944,10267509944
SouthWest,1/29/1999,8951998058,9208792058
SouthWest,12/31/1998,7456055605,7712849605
SouthWest,11/30/1998,7231742063,7412242063
SouthWest,10/30/1998,7105691118,7286191118
SouthWest,9/30/1998,6727201919,6907701919
SouthWest,8/31/1998,5981217694,6051817694
SouthWest,7/31/1998,7372832176,7443432176
SouthWest,6/30/1998,6617341751,6687941751
SouthWest,5/29/1998,5955119263,6087819263
SouthWest,4/30/1998,6123069500,6255769500
SouthWest,3/31/1998,6596798871,6729498871
SouthWest,2/27/1998,6345883386,6471970386
SouthWest,1/30/1998,5765048412,5891135412
SouthWest,12/31/1997,5447755349,5573842349
SouthWest,11/28/1997,5394019523,5591619523
SouthWest,10/31/1997,4801055938,4998655938
SouthWest,9/30/1997,4708684956,4906284956
SouthWest,8/29/1997,4088178749,4264178749
SouthWest,7/31/1997,4261453395,4437453395
SouthWest,6/30/1997,3777740325,3953740325
SouthWest,5/30/1997,3749187611,3854187611
SouthWest,4/30/1997,4003456875,4108456875
SouthWest,3/31/1997,3220749355,3325749355
SouthWest,2/28/1997,3415394752,3496106752
SouthWest,1/31/1997,3192693335,3273405335
SouthWest,12/31/1996,3192693335,3273405335
SouthWest,11/29/1996,3607248236,3677648236
SouthWest,10/31/1996,3263630824,3334030824
SouthWest,9/30/1996,3317964217,3388364217
SouthWest,8/30/1996,3296962521,3485962521
SouthWest,7/31/1996,3351175531,3540175531
SouthWest,6/28/1996,4220609611,4564609611
SouthWest,5/31/1996,3961053781,4305053781
SouthWest,4/30/1996,4305365081,4649365081
SouthWest,3/29/1996,4305365081,4662528081
SouthWest,2/29/1996,4440231872,4797394872
SouthWest,1/31/1996,3780739152,4137902152
SouthWest,12/29/1995,3312613591,3631613591
SouthWest,11/30/1995,3598098586,3917098586
SouthWest,10/31/1995,2878915846,3197915846
SouthWest,9/29/1995,3616314598,3902814598
SouthWest,8/31/1995,3720423986,4006923986
SouthWest,7/31/1995,4133885270,4420385270
SouthWest,6/30/1995,3432893333,3719393333
SouthWest,5/31/1995,3241743718,3757743718
SouthWest,4/28/1995,3388622874,3904622874
SouthWest,3/31/1995,2619358371,3135358371
SouthWest,2/28/1995,2526381988,2944467988
SouthWest,1/31/1995,2769927875,3188013875
SouthWest,12/30/1994,2395006216,2717706216
SouthWest,11/30/1994,3106037982,3428737982
SouthWest,10/31/1994,3473731731,3796431731
SouthWest,9/30/1994,3308123401,3630823401
SouthWest,8/31/1994,3897662574,4377462574
SouthWest,7/29/1994,3989513998,4469313998
SouthWest,6/30/1994,3860877881,4340677881
SouthWest,5/31/1994,3977611377,4335311377
SouthWest,4/29/1994,4459205580,4816905580
SouthWest,3/31/1994,4673261717,5030961717
SouthWest,2/28/1994,4861783821,5221383821
SouthWest,1/31/1994,5307061717,5666661717
SouthWest,12/31/1993,5324842059,5684442059
SouthWest,11/30/1993,4824358154,5177758154
SouthWest,10/29/1993,4321088232,4674488232
SouthWest,9/30/1993,4806962848,5160362848
SouthWest,8/31/1993,4889196785,5159496785
SouthWest,7/30/1993,4577013862,4847313862
SouthWest,6/30/1993,4033800597,4304100597
SouthWest,5/31/1993,3809767319,4070367319
SouthWest,4/30/1993,3405683596,3666283596
SouthWest,3/31/1993,3486478175,3747078175
SouthWest,2/26/1993,3136155071,3435055071
SouthWest,1/29/1993,2732589631,3031489631
SouthWest,12/31/1992,2721059717,3019959717
SouthWest,11/30/1992,2465035687,2916135687
SouthWest,10/30/1992,2326825750,2777925750
SouthWest,9/30/1992,2165577752,2616677752
SouthWest,8/31/1992,1957566397,2378766397
SouthWest,7/31/1992,2049676656,2470876656
SouthWest,6/30/1992,1974801950,2396001950
SouthWest,5/29/1992,1985069552,2300569552
SouthWest,4/30/1992,1818263096,2133763096
SouthWest,3/31/1992,1731932308,2047432308
SouthWest,2/28/1992,1658280722,2020980722
SouthWest,1/31/1992,1379211575,1741911575
SouthWest,12/31/1991,1437140407,1799840407
SouthWest,11/29/1991,1215517342,1530817342
SouthWest,10/31/1991,1189178067,1504478067
SouthWest,9/30/1991,1026048838,1341348838
SouthWest,8/30/1991,1025365498,1325365498
SouthWest,7/31/1991,1135809926,1435809926
SouthWest,6/28/1991,1093809577,1371409577
SouthWest,5/31/1991,1077918890,1355518890
SouthWest,4/30/1991,988569072,1266169072
SouthWest,3/29/1991,1177848500,1430948500
SouthWest,2/28/1991,1119639787,1372739787
SouthWest,1/31/1991,993438829,1246538829
SouthWest,12/31/1990,735936060,989036060
SouthWest,11/30/1990,735765026,959765026
SouthWest,10/31/1990,704174822,928174822
SouthWest,9/28/1990,578066257,885166257
SouthWest,8/31/1990,702661944,1009761944
SouthWest,7/31/1990,788972300,1096072300
SouthWest,6/29/1990,725611160,1005611160
SouthWest,5/31/1990,737012515,1017012515
SouthWest,4/30/1990,683377623,963377623
SouthWest,3/30/1990,679802727,903702727
SouthWest,2/28/1990,648221498,872121498
SouthWest,1/31/1990,597202136,821102136
SouthWest,12/29/1989,699240859,896040859
SouthWest,11/30/1989,675776959,872576959
SouthWest,10/31/1989,683240560,880040560
SouthWest,9/29/1989,798898003,1021098003
SouthWest,8/31/1989,862393865,1084593865
SouthWest,7/31/1989,843739343,1065939343
SouthWest,6/30/1989,813822219,1036022219
SouthWest,5/31/1989,769052559,960352559
SouthWest,4/28/1989,832545434,1023845434
SouthWest,3/31/1989,772782866,964082866
SouthWest,2/28/1989,734739334,904239334
SouthWest,1/31/1989,742549058,912049058
SouthWest,12/30/1988,633122257,751222257
SouthWest,11/30/1988,596885266,714985266
SouthWest,10/31/1988,604681690,722781690
SouthWest,9/30/1988,530603174,648703174
SouthWest,8/31/1988,491614809,609714809
SouthWest,7/29/1988,577391083,695491083
SouthWest,6/30/1988,593055717,711155717
SouthWest,5/31/1988,550719607,668819607
SouthWest,4/29/1988,502441278,620541278
SouthWest,3/31/1988,550719607,668819607
SouthWest,2/29/1988,534501386,652601386
SouthWest,1/29/1988,468222415,586322415
SouthWest,12/31/1987,417464508,535564508
SouthWest,11/30/1987,450217202,725917202
SouthWest,10/30/1987,498424783,774124783
SouthWest,9/30/1987,639098565,914798565
SouthWest,8/31/1987,671307700,947007700
SouthWest,7/31/1987,707462583,983162583
SouthWest,6/30/1987,651222012,926922012
SouthWest,5/29/1987,627119829,902819829
SouthWest,4/30/1987,611050635,886750635
SouthWest,3/31/1987,679343905,955043905
SouthWest,2/27/1987,775829815,1051529815
SouthWest,1/30/1987,723531776,999231776
SouthWest,12/31/1986,663274711,938974711
SouthWest,11/28/1986,723531776,1048031776
SouthWest,10/31/1986,751724417,1076224417
SouthWest,9/30/1986,755744127,1080244127
SouthWest,8/29/1986,707462583,1031962583
SouthWest,7/31/1986,643189023,967689023
SouthWest,6/30/1986,671307700,995807700
SouthWest,5/30/1986,699429593,1023929593
SouthWest,4/30/1986,647205517,971705517
SouthWest,3/31/1986,691396604,1015896604
SouthWest,2/28/1986,726777926,1051277926
SouthWest,1/31/1986,770917735,1095417735
SouthWest,12/31/1985,863276641,1187776641
SouthWest,11/29/1985,868094572,1001694572
SouthWest,10/31/1985,739150449,872750449
SouthWest,9/30/1985,701266915,834866915
SouthWest,8/30/1985,820784327,954384327
Delta,10/31/2022,21755521122,44223521122
Delta,9/30/2022,17991745437,39792745437
Delta,8/31/2022,19922019312,41723019312
Delta,7/29/2022,20390093792,42191093792
Delta,6/30/2022,18575503684,42120503684
Delta,5/31/2022,26725708645,50270708645
Delta,4/29/2022,27584726385,51129726385
Delta,3/31/2022,25367395640,48727395640
Delta,2/28/2022,25545996019,48905996019
Delta,1/31/2022,25398812174,48694812174
Delta,12/31/2021,25009930486,46004930486
Delta,11/30/2021,23168500211,44163500211
Delta,10/29/2021,25043740698,46038740698
Delta,9/30/2021,27270988784,47362988784
Delta,8/31/2021,25878157666,45970157666
Delta,7/30/2021,25532603632,45624603632
Delta,6/30/2021,27682717622,48912717622
Delta,5/31/2021,30498362904,51728362904
Delta,4/30/2021,30012231281,51242231281
Delta,3/31/2021,30882851764,52334851764
Delta,3/3/2021,30854391252,52306391252
Delta,2/26/2021,30592751120,52044751120
Delta,1/29/2021,24225408459,45677408459
Delta,12/31/2020,25661319129,45576319129
Delta,11/30/2020,25668805615,45583805615
Delta,11/27/2020,26185370399,46100370399
Delta,11/12/2020,21925305268,41840305268
Delta,10/30/2020,19540178982,39455178982
Delta,9/30/2020,19501914924,34578914924
Delta,9/24/2020,18504224201,33581224201
Delta,9/2/2020,19862859070,34939859070
Delta,8/31/2020,19677880614,34754880614
Delta,7/31/2020,15927282947,31004282947
Delta,7/20/2020,16724603880,31801603880
Delta,7/14/2020,16652628491,33656628491
Delta,6/30/2020,17891881725,34895881725
Delta,5/29/2020,16078619849,33082619849
Delta,5/28/2020,16366617905,33370617905
Delta,5/20/2020,14491409151,31495409151
Delta,5/11/2020,14038552615,31042552615
Delta,4/30/2020,16526074432,33530074432
Delta,3/31/2020,18197466957,32570466957
Delta,2/28/2020,29527535989,43900535989
Delta,1/31/2020,35678839281,50051839281
Delta,12/31/2019,37589289776,52094289776
Delta,11/29/2019,37064832962,51569832962
Delta,10/31/2019,35622596398,50127596398
Delta,9/30/2019,37252388390,51614388390
Delta,8/30/2019,37620607699,51982607699
Delta,7/31/2019,39688245661,54050245661
Delta,6/28/2019,37151175765,52752175765
Delta,5/31/2019,33714282853,49315282853
Delta,4/30/2019,38159331020,53760331020
Delta,3/29/2019,35067772561,49826772561
Delta,2/28/2019,33662345858,48421345858
Delta,1/31/2019,33560503344,48315503344
Delta,12/31/2018,33929229302,41362229302
Delta,11/30/2018,41623911337,49056911337
Delta,10/31/2018,37523911505,44956911505
Delta,9/28/2018,39979690177,47477690177
Delta,8/31/2018,40429055535,47927055535
Delta,7/31/2018,37622250379,45120250379
Delta,6/29/2018,34751166715,41430166715
Delta,5/31/2018,37914827634,44593827634
Delta,4/30/2018,36631124866,43310124866
Delta,3/30/2018,38745921151,44940921151
Delta,2/28/2018,38102629996,44297629996
Delta,1/31/2018,40131471333,46501471333
Delta,12/29/2017,39926495784,46296495784
Delta,11/30/2017,37730538515,44100538515
Delta,10/31/2017,35670046144,42040046144
Delta,9/29/2017,34912737111,40938737111
Delta,8/31/2017,34166985987,40192985987
Delta,7/31/2017,35738131560,41764131560
Delta,6/30/2017,38909383915,45486383915
Delta,5/31/2017,36161744098,42738744098
Delta,4/28/2017,33445749070,40022749070
Delta,3/31/2017,33804977781,37887977781
Delta,2/28/2017,36487377955,40570377955
Delta,1/31/2017,34521604939,38604604939
Delta,12/30/2016,36222760933,40635760933
Delta,11/30/2016,35479012437,39892012437
Delta,10/31/2016,30758786830,35171786830
Delta,9/30/2016,28984099824,33837099824
Delta,8/31/2016,27522357166,32375357166
Delta,7/29/2016,29020172522,33873172522
Delta,6/30/2016,27282706709,32819706709
Delta,5/31/2016,33533402401,39070402401
Delta,4/29/2016,32152252141,37689252141
Delta,3/31/2016,37560584499,42452584499
Delta,2/29/2016,37555255877,42447255877
Delta,1/29/2016,34492342961,39384342961
Delta,12/31/2015,39476560503,44466560503
Delta,11/30/2015,36539564431,41529564431
Delta,10/30/2015,39984318891,44974318891
Delta,9/30/2015,35289071374,40759071374
Delta,8/31/2015,34822538974,40292538974
Delta,7/31/2015,35267962040,40737962040
Delta,6/30/2015,32674963478,38671963478
Delta,5/29/2015,35035676603,41032676603
Delta,4/30/2015,36439715833,42436715833
Delta,3/31/2015,36700703138,43172703138
Delta,2/27/2015,36696574436,43168574436
Delta,1/30/2015,39042967003,44819967003
Delta,12/31/2014,40594452481,46371452481
Delta,11/28/2014,39060053364,44837053364
Delta,10/31/2014,33670150993,39447150993
Delta,9/30/2014,30255430236,36496430236
Delta,8/29/2014,33366176134,39607176134
Delta,7/31/2014,31579003486,37820003486
Delta,6/30/2014,32641191003,40027191003
Delta,5/30/2014,33840760064,41226760064
Delta,4/30/2014,31232358861,38618358861
Delta,3/31/2014,29383688149,36922688149
Delta,2/28/2014,28207873866,35746873866
Delta,1/31/2014,25999488679,33922488679
Delta,12/31/2013,23389142863,31312142863
Delta,11/29/2013,24793719718,32716719718
Delta,10/31/2013,22569300419,30492300419
Delta,9/30/2013,20182327403,28480327403
Delta,8/30/2013,16927364943,25225364943
Delta,7/31/2013,18214290813,26934290813
Delta,6/28/2013,16025960205,24745960205
Delta,5/31/2013,15426378583,24146378583
Delta,4/30/2013,14681184282,23401184282
Delta,3/29/2013,14059767277,23394767277
Delta,2/28/2013,12152203455,21487203455
Delta,1/31/2013,11828598878,21163598878
Delta,12/31/2012,10106142131,19441142131
Delta,11/30/2012,8504503210,17928503210
Delta,10/31/2012,8189836591,17613836591
Delta,9/28/2012,7788852882,17290852882
Delta,8/31/2012,7355194042,16857194042
Delta,7/31/2012,8205505492,17707505492
Delta,6/29/2012,9303547991,18809547991
Delta,5/31/2012,10280632940,19786632940
Delta,4/30/2012,9312044382,18818044382
Delta,3/30/2012,8383327121,18559327121
Delta,2/29/2012,8294547560,18470547560
Delta,1/31/2012,8920232085,19096232085
Delta,12/30/2011,6853398843,18082398843
Delta,11/30/2011,6878813177,18107813177
Delta,10/31/2011,7217670969,18446670969
Delta,9/30/2011,6353583600,17582583600
Delta,8/31/2011,6370852131,17209852131
Delta,7/29/2011,6675434703,17514434703
Delta,6/30/2011,7758394959,18597394959
Delta,5/31/2011,8526053602,19856053602
Delta,4/29/2011,8779805197,20109805197
Delta,3/31/2011,8284231961,19614231961
Delta,2/28/2011,9383486210,21025486210
Delta,1/31/2011,9742462995,21384462995
Delta,12/31/2010,10517517649,22159517649
Delta,11/30/2010,10792432357,22282432357
Delta,10/29/2010,10954161059,22444161059
Delta,9/30/2010,9183034550,20673034550
Delta,8/31/2010,8251364901,19600364901
Delta,7/30/2010,9371531073,20720531073
Delta,6/30/2010,9268980649,20617980649
Delta,5/31/2010,10725719708,26720719708
Delta,4/30/2010,9540993672,25535993672
Delta,3/31/2010,11488003584,27483003584
Delta,2/26/2010,10148201210,25881201210
Delta,1/29/2010,9587767008,25320767008
Delta,12/31/2009,8921405441,24654405441
Delta,11/30/2009,6384283550,22103283550
Delta,10/30/2009,5565785659,21284785659
Delta,9/30/2009,6984515336,22703515336
Delta,8/31/2009,5614593975,21272593975
Delta,7/31/2009,5389077043,21047077043
Delta,6/30/2009,4502562205,20160562205
Delta,5/29/2009,4483263114,20858263114
Delta,4/30/2009,4761055665,21136055665
Delta,3/31/2009,4344366839,20719366839
Delta,2/27/2009,3511628526,20177628526
Delta,1/30/2009,4817144499,21483144499
Delta,12/31/2008,8000648690,24666648690
Delta,11/28/2008,2718256411,9776256411
Delta,10/31/2008,3387792894,10445792894
Delta,9/30/2008,2298639077,9356639077
Delta,8/29/2008,2470644455,8262644455
Delta,7/31/2008,2291347994,8083347994
Delta,6/30/2008,1732186149,7524186149
Delta,5/30/2008,1796844645,8320844645
Delta,4/30/2008,2486365517,9010365517
Delta,3/31/2008,2512660804,9036660804
Delta,2/29/2008,3901097764,10115097764
Delta,1/31/2008,4915090966,11129090966
Delta,12/31/2007,4351240613,10565240613
Delta,11/30/2007,5317721766,11261721766
Delta,10/31/2007,5597601859,11541601859
Delta,9/28/2007,4830622758,9750622758
Delta,8/31/2007,4062512824,8982512824
Delta,7/31/2007,4288742803,9208742803
Delta,6/29/2007,4741202762,9869202762
Delta,5/31/2007,3759249618,8887249618
Delta,4/30/2007,4035519932,9163519932
