Airline,Time,Quarter,Amount,Type,Source
United,20171,201701,"$5,876,000,000.00 ","$1,958,666,667.00 ",GrossProfit
United,20171,201702,"$5,876,000,000.00 ","$1,958,666,667.00 ",GrossProfit
United,20171,201703,"$5,876,000,000.00 ","$1,958,666,667.00 ",GrossProfit
United,20172,201704,"$7,318,000,000.00 ","$2,439,333,334.00 ",GrossProfit
United,20172,201705,"$7,318,000,000.00 ","$2,439,333,334.00 ",GrossProfit
United,20172,201706,"$7,318,000,000.00 ","$2,439,333,334.00 ",GrossProfit
United,20173,201707,"$6,695,000,000.00 ","$2,231,666,667.00 ",GrossProfit
United,20173,201708,"$6,695,000,000.00 ","$2,231,666,667.00 ",GrossProfit
United,20173,201709,"$6,695,000,000.00 ","$2,231,666,667.00 ",GrossProfit
United,20174,201710,"$6,858,000,000.00 ","$2,286,000,000.00 ",GrossProfit
United,20174,201711,"$6,858,000,000.00 ","$2,286,000,000.00 ",GrossProfit
United,20174,201712,"$6,858,000,000.00 ","$2,286,000,000.00 ",GrossProfit
United,20181,201801,"$5,997,000,000.00 ","$1,999,000,000.00 ",GrossProfit
United,20181,201802,"$5,997,000,000.00 ","$1,999,000,000.00 ",GrossProfit
United,20181,201803,"$5,997,000,000.00 ","$1,999,000,000.00 ",GrossProfit
United,20182,201804,"$7,256,000,000.00 ","$2,418,666,667.00 ",GrossProfit
United,20182,201805,"$7,256,000,000.00 ","$2,418,666,667.00 ",GrossProfit
United,20182,201806,"$7,256,000,000.00 ","$2,418,666,667.00 ",GrossProfit
United,20183,201807,"$7,300,000,000.00 ","$2,433,333,334.00 ",GrossProfit
United,20183,201808,"$7,300,000,000.00 ","$2,433,333,334.00 ",GrossProfit
United,20183,201809,"$7,300,000,000.00 ","$2,433,333,334.00 ",GrossProfit
United,20184,201810,"$7,027,000,000.00 ","$2,342,333,334.00 ",GrossProfit
United,20184,201811,"$7,027,000,000.00 ","$2,342,333,334.00 ",GrossProfit
United,20184,201812,"$7,027,000,000.00 ","$2,342,333,334.00 ",GrossProfit
United,20191,201901,"$6,470,000,000.00 ","$2,156,666,667.00 ",GrossProfit
United,20191,201902,"$6,470,000,000.00 ","$2,156,666,667.00 ",GrossProfit
United,20191,201903,"$6,470,000,000.00 ","$2,156,666,667.00 ",GrossProfit
United,20192,201904,"$7,881,000,000.00 ","$2,627,000,000.00 ",GrossProfit
United,20192,201905,"$7,881,000,000.00 ","$2,627,000,000.00 ",GrossProfit
United,20192,201906,"$7,881,000,000.00 ","$2,627,000,000.00 ",GrossProfit
United,20193,201907,"$7,873,000,000.00 ","$2,624,333,334.00 ",GrossProfit
United,20193,201908,"$7,873,000,000.00 ","$2,624,333,334.00 ",GrossProfit
United,20193,201909,"$7,873,000,000.00 ","$2,624,333,334.00 ",GrossProfit
United,20194,201910,"$7,439,000,000.00 ","$2,479,666,667.00 ",GrossProfit
United,20194,201911,"$7,439,000,000.00 ","$2,479,666,667.00 ",GrossProfit
United,20194,201912,"$7,439,000,000.00 ","$2,479,666,667.00 ",GrossProfit
United,20201,202001,"$5,082,000,000.00 ","$1,694,000,000.00 ",GrossProfit
United,20201,202002,"$5,082,000,000.00 ","$1,694,000,000.00 ",GrossProfit
United,20201,202003,"$5,082,000,000.00 ","$1,694,000,000.00 ",GrossProfit
United,20202,202004,"$737,000,000.00 ","$245,666,667.00 ",GrossProfit
United,20202,202005,"$737,000,000.00 ","$245,666,667.00 ",GrossProfit
United,20202,202006,"$737,000,000.00 ","$245,666,667.00 ",GrossProfit
United,20203,202007,"$1,441,000,000.00 ","$480,333,334.00 ",GrossProfit
United,20203,202008,"$1,441,000,000.00 ","$480,333,334.00 ",GrossProfit
United,20203,202009,"$1,441,000,000.00 ","$480,333,334.00 ",GrossProfit
United,20204,202010,"$2,045,000,000.00 ","$681,666,667.00 ",GrossProfit
United,20204,202011,"$2,045,000,000.00 ","$681,666,667.00 ",GrossProfit
United,20204,202012,"$2,045,000,000.00 ","$681,666,667.00 ",GrossProfit
United,20211,202101,"$1,622,000,000.00 ","$540,666,667.00 ",GrossProfit
United,20211,202102,"$1,622,000,000.00 ","$540,666,667.00 ",GrossProfit
United,20211,202103,"$1,622,000,000.00 ","$540,666,667.00 ",GrossProfit
United,20212,202104,"$3,390,000,000.00 ","$1,130,000,000.00 ",GrossProfit
United,20212,202105,"$3,390,000,000.00 ","$1,130,000,000.00 ",GrossProfit
United,20212,202106,"$3,390,000,000.00 ","$1,130,000,000.00 ",GrossProfit
United,20213,202107,"$5,174,000,000.00 ","$1,724,666,667.00 ",GrossProfit
United,20213,202108,"$5,174,000,000.00 ","$1,724,666,667.00 ",GrossProfit
United,20213,202109,"$5,174,000,000.00 ","$1,724,666,667.00 ",GrossProfit
United,20214,202110,"$5,230,000,000.00 ","$1,743,333,334.00 ",GrossProfit
United,20214,202111,"$5,230,000,000.00 ","$1,743,333,334.00 ",GrossProfit
United,20214,202112,"$5,230,000,000.00 ","$1,743,333,334.00 ",GrossProfit
United,20221,202201,"$4,364,000,000.00 ","$1,454,666,667.00 ",GrossProfit
United,20221,202202,"$4,364,000,000.00 ","$1,454,666,667.00 ",GrossProfit
United,20221,202203,"$4,364,000,000.00 ","$1,454,666,667.00 ",GrossProfit
United,20222,202204,"$7,207,000,000.00 ","$2,402,333,334.00 ",GrossProfit
United,20222,202205,"$7,207,000,000.00 ","$2,402,333,334.00 ",GrossProfit
United,20222,202206,"$7,207,000,000.00 ","$2,402,333,334.00 ",GrossProfit
United,20223,202207,"$7,907,000,000.00 ","$2,635,666,667.00 ",GrossProfit
United,20223,202208,"$7,907,000,000.00 ","$2,635,666,667.00 ",GrossProfit
United,20223,202209,"$7,907,000,000.00 ","$2,635,666,667.00 ",GrossProfit
United,20171,201701,"$99,000,000.00 ","$33,000,000.00 ",NetIncome
United,20171,201702,"$99,000,000.00 ","$33,000,000.00 ",NetIncome
United,20171,201703,"$99,000,000.00 ","$33,000,000.00 ",NetIncome
United,20172,201704,"$821,000,000.00 ","$273,666,667.00 ",NetIncome
United,20172,201705,"$821,000,000.00 ","$273,666,667.00 ",NetIncome
United,20172,201706,"$821,000,000.00 ","$273,666,667.00 ",NetIncome
United,20173,201707,"$645,000,000.00 ","$215,000,000.00 ",NetIncome
United,20173,201708,"$645,000,000.00 ","$215,000,000.00 ",NetIncome
United,20173,201709,"$645,000,000.00 ","$215,000,000.00 ",NetIncome
United,20174,201710,"$578,000,000.00 ","$192,666,667.00 ",NetIncome
United,20174,201711,"$578,000,000.00 ","$192,666,667.00 ",NetIncome
United,20174,201712,"$578,000,000.00 ","$192,666,667.00 ",NetIncome
United,20181,201801,"$145,000,000.00 ","$48,333,334.00 ",NetIncome
United,20181,201802,"$145,000,000.00 ","$48,333,334.00 ",NetIncome
United,20181,201803,"$145,000,000.00 ","$48,333,334.00 ",NetIncome
United,20182,201804,"$683,000,000.00 ","$227,666,667.00 ",NetIncome
United,20182,201805,"$683,000,000.00 ","$227,666,667.00 ",NetIncome
United,20182,201806,"$683,000,000.00 ","$227,666,667.00 ",NetIncome
United,20183,201807,"$833,000,000.00 ","$277,666,667.00 ",NetIncome
United,20183,201808,"$833,000,000.00 ","$277,666,667.00 ",NetIncome
United,20183,201809,"$833,000,000.00 ","$277,666,667.00 ",NetIncome
United,20184,201810,"$461,000,000.00 ","$153,666,667.00 ",NetIncome
United,20184,201811,"$461,000,000.00 ","$153,666,667.00 ",NetIncome
United,20184,201812,"$461,000,000.00 ","$153,666,667.00 ",NetIncome
United,20191,201901,"$292,000,000.00 ","$97,333,334.00 ",NetIncome
United,20191,201902,"$292,000,000.00 ","$97,333,334.00 ",NetIncome
United,20191,201903,"$292,000,000.00 ","$97,333,334.00 ",NetIncome
United,20192,201904,"$1,052,000,000.00 ","$350,666,667.00 ",NetIncome
United,20192,201905,"$1,052,000,000.00 ","$350,666,667.00 ",NetIncome
United,20192,201906,"$1,052,000,000.00 ","$350,666,667.00 ",NetIncome
United,20193,201907,"$1,024,000,000.00 ","$341,333,334.00 ",NetIncome
United,20193,201908,"$1,024,000,000.00 ","$341,333,334.00 ",NetIncome
United,20193,201909,"$1,024,000,000.00 ","$341,333,334.00 ",NetIncome
United,20194,201910,"$641,000,000.00 ","$213,666,667.00 ",NetIncome
United,20194,201911,"$641,000,000.00 ","$213,666,667.00 ",NetIncome
United,20194,201912,"$641,000,000.00 ","$213,666,667.00 ",NetIncome
United,20201,202001,"($1,704,000,000.00)","($568,000,000.00)",NetIncome
United,20201,202002,"($1,704,000,000.00)","($568,000,000.00)",NetIncome
United,20201,202003,"($1,704,000,000.00)","($568,000,000.00)",NetIncome
United,20202,202004,"($1,627,000,000.00)","($542,333,334.00)",NetIncome
United,20202,202005,"($1,627,000,000.00)","($542,333,334.00)",NetIncome
United,20202,202006,"($1,627,000,000.00)","($542,333,334.00)",NetIncome
United,20203,202007,"($1,841,000,000.00)","($613,666,667.00)",NetIncome
United,20203,202008,"($1,841,000,000.00)","($613,666,667.00)",NetIncome
United,20203,202009,"($1,841,000,000.00)","($613,666,667.00)",NetIncome
United,20204,202010,"($1,897,000,000.00)","($632,333,334.00)",NetIncome
United,20204,202011,"($1,897,000,000.00)","($632,333,334.00)",NetIncome
United,20204,202012,"($1,897,000,000.00)","($632,333,334.00)",NetIncome
United,20211,202101,"($1,357,000,000.00)","($452,333,334.00)",NetIncome
United,20211,202102,"($1,357,000,000.00)","($452,333,334.00)",NetIncome
United,20211,202103,"($1,357,000,000.00)","($452,333,334.00)",NetIncome
United,20212,202104,"($434,000,000.00)","($144,666,667.00)",NetIncome
United,20212,202105,"($434,000,000.00)","($144,666,667.00)",NetIncome
United,20212,202106,"($434,000,000.00)","($144,666,667.00)",NetIncome
United,20213,202107,"$473,000,000.00 ","$157,666,667.00 ",NetIncome
United,20213,202108,"$473,000,000.00 ","$157,666,667.00 ",NetIncome
United,20213,202109,"$473,000,000.00 ","$157,666,667.00 ",NetIncome
United,20214,202110,"($646,000,000.00)","($215,333,334.00)",NetIncome
United,20214,202111,"($646,000,000.00)","($215,333,334.00)",NetIncome
United,20214,202112,"($646,000,000.00)","($215,333,334.00)",NetIncome
United,20221,202201,"($1,377,000,000.00)","($459,000,000.00)",NetIncome
United,20221,202202,"($1,377,000,000.00)","($459,000,000.00)",NetIncome
United,20221,202203,"($1,377,000,000.00)","($459,000,000.00)",NetIncome
United,20222,202204,"$329,000,000.00 ","$109,666,667.00 ",NetIncome
United,20222,202205,"$329,000,000.00 ","$109,666,667.00 ",NetIncome
United,20222,202206,"$329,000,000.00 ","$109,666,667.00 ",NetIncome
United,20223,202207,"$942,000,000.00 ","$314,000,000.00 ",NetIncome
United,20223,202208,"$942,000,000.00 ","$314,000,000.00 ",NetIncome
United,20223,202209,"$942,000,000.00 ","$314,000,000.00 ",NetIncome
United,20171,201701,"$8,426,000,000.00 ","$2,808,666,667.00 ",Revenue
United,20171,201702,"$8,426,000,000.00 ","$2,808,666,667.00 ",Revenue
United,20171,201703,"$8,426,000,000.00 ","$2,808,666,667.00 ",Revenue
United,20172,201704,"$10,008,000,000.00 ","$3,336,000,000.00 ",Revenue
United,20172,201705,"$10,008,000,000.00 ","$3,336,000,000.00 ",Revenue
United,20172,201706,"$10,008,000,000.00 ","$3,336,000,000.00 ",Revenue
United,20173,201707,"$9,899,000,000.00 ","$3,299,666,667.00 ",Revenue
United,20173,201708,"$9,899,000,000.00 ","$3,299,666,667.00 ",Revenue
United,20173,201709,"$9,899,000,000.00 ","$3,299,666,667.00 ",Revenue
United,20174,201710,"$9,451,000,000.00 ","$3,150,333,334.00 ",Revenue
United,20174,201711,"$9,451,000,000.00 ","$3,150,333,334.00 ",Revenue
United,20174,201712,"$9,451,000,000.00 ","$3,150,333,334.00 ",Revenue
United,20181,201801,"$9,032,000,000.00 ","$3,010,666,667.00 ",Revenue
United,20181,201802,"$9,032,000,000.00 ","$3,010,666,667.00 ",Revenue
United,20181,201803,"$9,032,000,000.00 ","$3,010,666,667.00 ",Revenue
United,20182,201804,"$10,777,000,000.00 ","$3,592,333,334.00 ",Revenue
United,20182,201805,"$10,777,000,000.00 ","$3,592,333,334.00 ",Revenue
United,20182,201806,"$10,777,000,000.00 ","$3,592,333,334.00 ",Revenue
United,20183,201807,"$11,003,000,000.00 ","$3,667,666,667.00 ",Revenue
United,20183,201808,"$11,003,000,000.00 ","$3,667,666,667.00 ",Revenue
United,20183,201809,"$11,003,000,000.00 ","$3,667,666,667.00 ",Revenue
United,20184,201810,"$10,491,000,000.00 ","$3,497,000,000.00 ",Revenue
United,20184,201811,"$10,491,000,000.00 ","$3,497,000,000.00 ",Revenue
United,20184,201812,"$10,491,000,000.00 ","$3,497,000,000.00 ",Revenue
United,20191,201901,"$9,589,000,000.00 ","$3,196,333,334.00 ",Revenue
United,20191,201902,"$9,589,000,000.00 ","$3,196,333,334.00 ",Revenue
United,20191,201903,"$9,589,000,000.00 ","$3,196,333,334.00 ",Revenue
United,20192,201904,"$11,402,000,000.00 ","$3,800,666,667.00 ",Revenue
United,20192,201905,"$11,402,000,000.00 ","$3,800,666,667.00 ",Revenue
United,20192,201906,"$11,402,000,000.00 ","$3,800,666,667.00 ",Revenue
United,20193,201907,"$11,380,000,000.00 ","$3,793,333,334.00 ",Revenue
United,20193,201908,"$11,380,000,000.00 ","$3,793,333,334.00 ",Revenue
United,20193,201909,"$11,380,000,000.00 ","$3,793,333,334.00 ",Revenue
United,20194,201910,"$10,888,000,000.00 ","$3,629,333,334.00 ",Revenue
United,20194,201911,"$10,888,000,000.00 ","$3,629,333,334.00 ",Revenue
United,20194,201912,"$10,888,000,000.00 ","$3,629,333,334.00 ",Revenue
United,20201,202001,"$7,979,000,000.00 ","$2,659,666,667.00 ",Revenue
United,20201,202002,"$7,979,000,000.00 ","$2,659,666,667.00 ",Revenue
United,20201,202003,"$7,979,000,000.00 ","$2,659,666,667.00 ",Revenue
United,20202,202004,"$1,475,000,000.00 ","$491,666,667.00 ",Revenue
United,20202,202005,"$1,475,000,000.00 ","$491,666,667.00 ",Revenue
United,20202,202006,"$1,475,000,000.00 ","$491,666,667.00 ",Revenue
United,20203,202007,"$2,489,000,000.00 ","$829,666,667.00 ",Revenue
United,20203,202008,"$2,489,000,000.00 ","$829,666,667.00 ",Revenue
United,20203,202009,"$2,489,000,000.00 ","$829,666,667.00 ",Revenue
United,20204,202010,"$3,412,000,000.00 ","$1,137,333,334.00 ",Revenue
United,20204,202011,"$3,412,000,000.00 ","$1,137,333,334.00 ",Revenue
United,20204,202012,"$3,412,000,000.00 ","$1,137,333,334.00 ",Revenue
United,20211,202101,"$3,221,000,000.00 ","$1,073,666,667.00 ",Revenue
United,20211,202102,"$3,221,000,000.00 ","$1,073,666,667.00 ",Revenue
United,20211,202103,"$3,221,000,000.00 ","$1,073,666,667.00 ",Revenue
United,20212,202104,"$5,471,000,000.00 ","$1,823,666,667.00 ",Revenue
United,20212,202105,"$5,471,000,000.00 ","$1,823,666,667.00 ",Revenue
United,20212,202106,"$5,471,000,000.00 ","$1,823,666,667.00 ",Revenue
United,20213,202107,"$7,750,000,000.00 ","$2,583,333,334.00 ",Revenue
United,20213,202108,"$7,750,000,000.00 ","$2,583,333,334.00 ",Revenue
United,20213,202109,"$7,750,000,000.00 ","$2,583,333,334.00 ",Revenue
United,20214,202110,"$8,192,000,000.00 ","$2,730,666,667.00 ",Revenue
United,20214,202111,"$8,192,000,000.00 ","$2,730,666,667.00 ",Revenue
United,20214,202112,"$8,192,000,000.00 ","$2,730,666,667.00 ",Revenue
United,20221,202201,"$7,566,000,000.00 ","$2,522,000,000.00 ",Revenue
United,20221,202202,"$7,566,000,000.00 ","$2,522,000,000.00 ",Revenue
United,20221,202203,"$7,566,000,000.00 ","$2,522,000,000.00 ",Revenue
United,20222,202204,"$12,112,000,000.00 ","$4,037,333,334.00 ",Revenue
United,20222,202205,"$12,112,000,000.00 ","$4,037,333,334.00 ",Revenue
United,20222,202206,"$12,112,000,000.00 ","$4,037,333,334.00 ",Revenue
United,20223,202207,"$12,877,000,000.00 ","$4,292,333,334.00 ",Revenue
United,20223,202208,"$12,877,000,000.00 ","$4,292,333,334.00 ",Revenue
United,20223,202209,"$12,877,000,000.00 ","$4,292,333,334.00 ",Revenue
Southwest,20171,201701,"$1,612,000,000.00 ","$537,333,334.00 ",GrossProfit
Southwest,20171,201702,"$1,612,000,000.00 ","$537,333,334.00 ",GrossProfit
Southwest,20171,201703,"$1,612,000,000.00 ","$537,333,334.00 ",GrossProfit
Southwest,20172,201704,"$2,261,000,000.00 ","$753,666,667.00 ",GrossProfit
Southwest,20172,201705,"$2,261,000,000.00 ","$753,666,667.00 ",GrossProfit
Southwest,20172,201706,"$2,261,000,000.00 ","$753,666,667.00 ",GrossProfit
Southwest,20173,201707,"$1,888,000,000.00 ","$629,333,334.00 ",GrossProfit
Southwest,20173,201708,"$1,888,000,000.00 ","$629,333,334.00 ",GrossProfit
Southwest,20173,201709,"$1,888,000,000.00 ","$629,333,334.00 ",GrossProfit
Southwest,20174,201710,"$1,711,000,000.00 ","$570,333,334.00 ",GrossProfit
Southwest,20174,201711,"$1,711,000,000.00 ","$570,333,334.00 ",GrossProfit
Southwest,20174,201712,"$1,711,000,000.00 ","$570,333,334.00 ",GrossProfit
Southwest,20181,201801,"$1,518,000,000.00 ","$506,000,000.00 ",GrossProfit
Southwest,20181,201802,"$1,518,000,000.00 ","$506,000,000.00 ",GrossProfit
Southwest,20181,201803,"$1,518,000,000.00 ","$506,000,000.00 ",GrossProfit
Southwest,20182,201804,"$1,995,000,000.00 ","$665,000,000.00 ",GrossProfit
Southwest,20182,201805,"$1,995,000,000.00 ","$665,000,000.00 ",GrossProfit
Southwest,20182,201806,"$1,995,000,000.00 ","$665,000,000.00 ",GrossProfit
Southwest,20183,201807,"$1,838,000,000.00 ","$612,666,667.00 ",GrossProfit
Southwest,20183,201808,"$1,838,000,000.00 ","$612,666,667.00 ",GrossProfit
Southwest,20183,201809,"$1,838,000,000.00 ","$612,666,667.00 ",GrossProfit
Southwest,20184,201810,"$1,908,000,000.00 ","$636,000,000.00 ",GrossProfit
Southwest,20184,201811,"$1,908,000,000.00 ","$636,000,000.00 ",GrossProfit
Southwest,20184,201812,"$1,908,000,000.00 ","$636,000,000.00 ",GrossProfit
Southwest,20191,201901,"$1,532,000,000.00 ","$510,666,667.00 ",GrossProfit
Southwest,20191,201902,"$1,532,000,000.00 ","$510,666,667.00 ",GrossProfit
Southwest,20191,201903,"$1,532,000,000.00 ","$510,666,667.00 ",GrossProfit
Southwest,20192,201904,"$2,038,000,000.00 ","$679,333,334.00 ",GrossProfit
Southwest,20192,201905,"$2,038,000,000.00 ","$679,333,334.00 ",GrossProfit
Southwest,20192,201906,"$2,038,000,000.00 ","$679,333,334.00 ",GrossProfit
Southwest,20193,201907,"$1,889,000,000.00 ","$629,666,667.00 ",GrossProfit
Southwest,20193,201908,"$1,889,000,000.00 ","$629,666,667.00 ",GrossProfit
Southwest,20193,201909,"$1,889,000,000.00 ","$629,666,667.00 ",GrossProfit
Southwest,20194,201910,"$1,743,000,000.00 ","$581,000,000.00 ",GrossProfit
Southwest,20194,201911,"$1,743,000,000.00 ","$581,000,000.00 ",GrossProfit
Southwest,20194,201912,"$1,743,000,000.00 ","$581,000,000.00 ",GrossProfit
Southwest,20201,202001,"$899,000,000.00 ","$299,666,667.00 ",GrossProfit
Southwest,20201,202002,"$899,000,000.00 ","$299,666,667.00 ",GrossProfit
Southwest,20201,202003,"$899,000,000.00 ","$299,666,667.00 ",GrossProfit
Southwest,20202,202004,"($594,000,000.00)","($198,000,000.00)",GrossProfit
Southwest,20202,202005,"($594,000,000.00)","($198,000,000.00)",GrossProfit
Southwest,20202,202006,"($594,000,000.00)","($198,000,000.00)",GrossProfit
Southwest,20203,202007,"($608,000,000.00)","($202,666,667.00)",GrossProfit
Southwest,20203,202008,"($608,000,000.00)","($202,666,667.00)",GrossProfit
Southwest,20203,202009,"($608,000,000.00)","($202,666,667.00)",GrossProfit
Southwest,20204,202010,"($332,000,000.00)","($110,666,667.00)",GrossProfit
Southwest,20204,202011,"($332,000,000.00)","($110,666,667.00)",GrossProfit
Southwest,20204,202012,"($332,000,000.00)","($110,666,667.00)",GrossProfit
Southwest,20211,202101,"$974,000,000.00 ","$324,666,667.00 ",GrossProfit
Southwest,20211,202102,"$974,000,000.00 ","$324,666,667.00 ",GrossProfit
Southwest,20211,202103,"$974,000,000.00 ","$324,666,667.00 ",GrossProfit
Southwest,20212,202104,"$1,495,000,000.00 ","$498,333,334.00 ",GrossProfit
Southwest,20212,202105,"$1,495,000,000.00 ","$498,333,334.00 ",GrossProfit
Southwest,20212,202106,"$1,495,000,000.00 ","$498,333,334.00 ",GrossProfit
Southwest,20213,202107,"$1,717,000,000.00 ","$572,333,334.00 ",GrossProfit
Southwest,20213,202108,"$1,717,000,000.00 ","$572,333,334.00 ",GrossProfit
Southwest,20213,202109,"$1,717,000,000.00 ","$572,333,334.00 ",GrossProfit
Southwest,20214,202110,"$1,201,000,000.00 ","$400,333,334.00 ",GrossProfit
Southwest,20214,202111,"$1,201,000,000.00 ","$400,333,334.00 ",GrossProfit
Southwest,20214,202112,"$1,201,000,000.00 ","$400,333,334.00 ",GrossProfit
Southwest,20221,202201,"$904,000,000.00 ","$301,333,334.00 ",GrossProfit
Southwest,20221,202202,"$904,000,000.00 ","$301,333,334.00 ",GrossProfit
Southwest,20221,202203,"$904,000,000.00 ","$301,333,334.00 ",GrossProfit
Southwest,20222,202204,"$2,274,000,000.00 ","$758,000,000.00 ",GrossProfit
Southwest,20222,202205,"$2,274,000,000.00 ","$758,000,000.00 ",GrossProfit
Southwest,20222,202206,"$2,274,000,000.00 ","$758,000,000.00 ",GrossProfit
Southwest,20171,201701,"$339,000,000.00 ","$113,000,000.00 ",NetIncome
Southwest,20171,201702,"$339,000,000.00 ","$113,000,000.00 ",NetIncome
Southwest,20171,201703,"$339,000,000.00 ","$113,000,000.00 ",NetIncome
Southwest,20172,201704,"$743,000,000.00 ","$247,666,667.00 ",NetIncome
Southwest,20172,201705,"$743,000,000.00 ","$247,666,667.00 ",NetIncome
Southwest,20172,201706,"$743,000,000.00 ","$247,666,667.00 ",NetIncome
Southwest,20173,201707,"$528,000,000.00 ","$176,000,000.00 ",NetIncome
Southwest,20173,201708,"$528,000,000.00 ","$176,000,000.00 ",NetIncome
Southwest,20173,201709,"$528,000,000.00 ","$176,000,000.00 ",NetIncome
Southwest,20174,201710,"$1,747,000,000.00 ","$582,333,334.00 ",NetIncome
Southwest,20174,201711,"$1,747,000,000.00 ","$582,333,334.00 ",NetIncome
Southwest,20174,201712,"$1,747,000,000.00 ","$582,333,334.00 ",NetIncome
Southwest,20181,201801,"$463,000,000.00 ","$154,333,334.00 ",NetIncome
Southwest,20181,201802,"$463,000,000.00 ","$154,333,334.00 ",NetIncome
Southwest,20181,201803,"$463,000,000.00 ","$154,333,334.00 ",NetIncome
Southwest,20182,201804,"$733,000,000.00 ","$244,333,334.00 ",NetIncome
Southwest,20182,201805,"$733,000,000.00 ","$244,333,334.00 ",NetIncome
Southwest,20182,201806,"$733,000,000.00 ","$244,333,334.00 ",NetIncome
Southwest,20183,201807,"$615,000,000.00 ","$205,000,000.00 ",NetIncome
Southwest,20183,201808,"$615,000,000.00 ","$205,000,000.00 ",NetIncome
Southwest,20183,201809,"$615,000,000.00 ","$205,000,000.00 ",NetIncome
Southwest,20184,201810,"$654,000,000.00 ","$218,000,000.00 ",NetIncome
Southwest,20184,201811,"$654,000,000.00 ","$218,000,000.00 ",NetIncome
Southwest,20184,201812,"$654,000,000.00 ","$218,000,000.00 ",NetIncome
Southwest,20191,201901,"$387,000,000.00 ","$129,000,000.00 ",NetIncome
Southwest,20191,201902,"$387,000,000.00 ","$129,000,000.00 ",NetIncome
Southwest,20191,201903,"$387,000,000.00 ","$129,000,000.00 ",NetIncome
Southwest,20192,201904,"$741,000,000.00 ","$247,000,000.00 ",NetIncome
Southwest,20192,201905,"$741,000,000.00 ","$247,000,000.00 ",NetIncome
Southwest,20192,201906,"$741,000,000.00 ","$247,000,000.00 ",NetIncome
Southwest,20193,201907,"$659,000,000.00 ","$219,666,667.00 ",NetIncome
Southwest,20193,201908,"$659,000,000.00 ","$219,666,667.00 ",NetIncome
Southwest,20193,201909,"$659,000,000.00 ","$219,666,667.00 ",NetIncome
Southwest,20194,201910,"$513,000,000.00 ","$171,000,000.00 ",NetIncome
Southwest,20194,201911,"$513,000,000.00 ","$171,000,000.00 ",NetIncome
Southwest,20194,201912,"$513,000,000.00 ","$171,000,000.00 ",NetIncome
Southwest,20201,202001,"($94,000,000.00)","($31,333,334.00)",NetIncome
Southwest,20201,202002,"($94,000,000.00)","($31,333,334.00)",NetIncome
Southwest,20201,202003,"($94,000,000.00)","($31,333,334.00)",NetIncome
Southwest,20202,202004,"($915,000,000.00)","($305,000,000.00)",NetIncome
Southwest,20202,202005,"($915,000,000.00)","($305,000,000.00)",NetIncome
Southwest,20202,202006,"($915,000,000.00)","($305,000,000.00)",NetIncome
Southwest,20203,202007,"($1,157,000,000.00)","($385,666,667.00)",NetIncome
Southwest,20203,202008,"($1,157,000,000.00)","($385,666,667.00)",NetIncome
Southwest,20203,202009,"($1,157,000,000.00)","($385,666,667.00)",NetIncome
Southwest,20204,202010,"($908,000,000.00)","($302,666,667.00)",NetIncome
Southwest,20204,202011,"($908,000,000.00)","($302,666,667.00)",NetIncome
Southwest,20204,202012,"($908,000,000.00)","($302,666,667.00)",NetIncome
Southwest,20211,202101,"$116,000,000.00 ","$38,666,667.00 ",NetIncome
Southwest,20211,202102,"$116,000,000.00 ","$38,666,667.00 ",NetIncome
Southwest,20211,202103,"$116,000,000.00 ","$38,666,667.00 ",NetIncome
Southwest,20212,202104,"$348,000,000.00 ","$116,000,000.00 ",NetIncome
Southwest,20212,202105,"$348,000,000.00 ","$116,000,000.00 ",NetIncome
Southwest,20212,202106,"$348,000,000.00 ","$116,000,000.00 ",NetIncome
Southwest,20213,202107,"$446,000,000.00 ","$148,666,667.00 ",NetIncome
Southwest,20213,202108,"$446,000,000.00 ","$148,666,667.00 ",NetIncome
Southwest,20213,202109,"$446,000,000.00 ","$148,666,667.00 ",NetIncome
Southwest,20214,202110,"$67,000,000.00 ","$22,333,334.00 ",NetIncome
Southwest,20214,202111,"$67,000,000.00 ","$22,333,334.00 ",NetIncome
Southwest,20214,202112,"$67,000,000.00 ","$22,333,334.00 ",NetIncome
Southwest,20221,202201,"($278,000,000.00)","($92,666,667.00)",NetIncome
Southwest,20221,202202,"($278,000,000.00)","($92,666,667.00)",NetIncome
Southwest,20221,202203,"($278,000,000.00)","($92,666,667.00)",NetIncome
Southwest,20222,202204,"$760,000,000.00 ","$253,333,334.00 ",NetIncome
Southwest,20222,202205,"$760,000,000.00 ","$253,333,334.00 ",NetIncome
Southwest,20222,202206,"$760,000,000.00 ","$253,333,334.00 ",NetIncome
Southwest,20171,201701,"$4,854,000,000.00 ","$1,618,000,000.00 ",Revenue
Southwest,20171,201702,"$4,854,000,000.00 ","$1,618,000,000.00 ",Revenue
Southwest,20171,201703,"$4,854,000,000.00 ","$1,618,000,000.00 ",Revenue
Southwest,20172,201704,"$5,731,000,000.00 ","$1,910,333,334.00 ",Revenue
Southwest,20172,201705,"$5,731,000,000.00 ","$1,910,333,334.00 ",Revenue
Southwest,20172,201706,"$5,731,000,000.00 ","$1,910,333,334.00 ",Revenue
Southwest,20173,201707,"$5,303,000,000.00 ","$1,767,666,667.00 ",Revenue
Southwest,20173,201708,"$5,303,000,000.00 ","$1,767,666,667.00 ",Revenue
Southwest,20173,201709,"$5,303,000,000.00 ","$1,767,666,667.00 ",Revenue
Southwest,20174,201710,"$5,258,000,000.00 ","$1,752,666,667.00 ",Revenue
Southwest,20174,201711,"$5,258,000,000.00 ","$1,752,666,667.00 ",Revenue
Southwest,20174,201712,"$5,258,000,000.00 ","$1,752,666,667.00 ",Revenue
Southwest,20181,201801,"$4,944,000,000.00 ","$1,648,000,000.00 ",Revenue
Southwest,20181,201802,"$4,944,000,000.00 ","$1,648,000,000.00 ",Revenue
Southwest,20181,201803,"$4,944,000,000.00 ","$1,648,000,000.00 ",Revenue
Southwest,20182,201804,"$5,742,000,000.00 ","$1,914,000,000.00 ",Revenue
Southwest,20182,201805,"$5,742,000,000.00 ","$1,914,000,000.00 ",Revenue
Southwest,20182,201806,"$5,742,000,000.00 ","$1,914,000,000.00 ",Revenue
Southwest,20183,201807,"$5,575,000,000.00 ","$1,858,333,334.00 ",Revenue
Southwest,20183,201808,"$5,575,000,000.00 ","$1,858,333,334.00 ",Revenue
Southwest,20183,201809,"$5,575,000,000.00 ","$1,858,333,334.00 ",Revenue
Southwest,20184,201810,"$5,704,000,000.00 ","$1,901,333,334.00 ",Revenue
Southwest,20184,201811,"$5,704,000,000.00 ","$1,901,333,334.00 ",Revenue
Southwest,20184,201812,"$5,704,000,000.00 ","$1,901,333,334.00 ",Revenue
Southwest,20191,201901,"$5,149,000,000.00 ","$1,716,333,334.00 ",Revenue
Southwest,20191,201902,"$5,149,000,000.00 ","$1,716,333,334.00 ",Revenue
Southwest,20191,201903,"$5,149,000,000.00 ","$1,716,333,334.00 ",Revenue
Southwest,20192,201904,"$5,909,000,000.00 ","$1,969,666,667.00 ",Revenue
Southwest,20192,201905,"$5,909,000,000.00 ","$1,969,666,667.00 ",Revenue
Southwest,20192,201906,"$5,909,000,000.00 ","$1,969,666,667.00 ",Revenue
Southwest,20193,201907,"$5,639,000,000.00 ","$1,879,666,667.00 ",Revenue
Southwest,20193,201908,"$5,639,000,000.00 ","$1,879,666,667.00 ",Revenue
Southwest,20193,201909,"$5,639,000,000.00 ","$1,879,666,667.00 ",Revenue
Southwest,20194,201910,"$5,731,000,000.00 ","$1,910,333,334.00 ",Revenue
Southwest,20194,201911,"$5,731,000,000.00 ","$1,910,333,334.00 ",Revenue
Southwest,20194,201912,"$5,731,000,000.00 ","$1,910,333,334.00 ",Revenue
Southwest,20201,202001,"$4,234,000,000.00 ","$1,411,333,334.00 ",Revenue
Southwest,20201,202002,"$4,234,000,000.00 ","$1,411,333,334.00 ",Revenue
Southwest,20201,202003,"$4,234,000,000.00 ","$1,411,333,334.00 ",Revenue
Southwest,20202,202004,"$1,008,000,000.00 ","$336,000,000.00 ",Revenue
Southwest,20202,202005,"$1,008,000,000.00 ","$336,000,000.00 ",Revenue
Southwest,20202,202006,"$1,008,000,000.00 ","$336,000,000.00 ",Revenue
Southwest,20203,202007,"$1,793,000,000.00 ","$597,666,667.00 ",Revenue
Southwest,20203,202008,"$1,793,000,000.00 ","$597,666,667.00 ",Revenue
Southwest,20203,202009,"$1,793,000,000.00 ","$597,666,667.00 ",Revenue
Southwest,20204,202010,"$2,013,000,000.00 ","$671,000,000.00 ",Revenue
Southwest,20204,202011,"$2,013,000,000.00 ","$671,000,000.00 ",Revenue
Southwest,20204,202012,"$2,013,000,000.00 ","$671,000,000.00 ",Revenue
Southwest,20211,202101,"$2,052,000,000.00 ","$684,000,000.00 ",Revenue
Southwest,20211,202102,"$2,052,000,000.00 ","$684,000,000.00 ",Revenue
Southwest,20211,202103,"$2,052,000,000.00 ","$684,000,000.00 ",Revenue
Southwest,20212,202104,"$4,008,000,000.00 ","$1,336,000,000.00 ",Revenue
Southwest,20212,202105,"$4,008,000,000.00 ","$1,336,000,000.00 ",Revenue
Southwest,20212,202106,"$4,008,000,000.00 ","$1,336,000,000.00 ",Revenue
Southwest,20213,202107,"$4,679,000,000.00 ","$1,559,666,667.00 ",Revenue
Southwest,20213,202108,"$4,679,000,000.00 ","$1,559,666,667.00 ",Revenue
Southwest,20213,202109,"$4,679,000,000.00 ","$1,559,666,667.00 ",Revenue
Southwest,20214,202110,"$5,051,000,000.00 ","$1,683,666,667.00 ",Revenue
Southwest,20214,202111,"$5,051,000,000.00 ","$1,683,666,667.00 ",Revenue
Southwest,20214,202112,"$5,051,000,000.00 ","$1,683,666,667.00 ",Revenue
Southwest,20221,202201,"$4,694,000,000.00 ","$1,564,666,667.00 ",Revenue
Southwest,20221,202202,"$4,694,000,000.00 ","$1,564,666,667.00 ",Revenue
Southwest,20221,202203,"$4,694,000,000.00 ","$1,564,666,667.00 ",Revenue
Southwest,20222,202204,"$6,728,000,000.00 ","$2,242,666,667.00 ",Revenue
Southwest,20222,202205,"$6,728,000,000.00 ","$2,242,666,667.00 ",Revenue
Southwest,20222,202206,"$6,728,000,000.00 ","$2,242,666,667.00 ",Revenue
Delta,20171,201701,"$3,466,000,000.00 ","$1,155,333,334.00 ",GrossProfit
Delta,20171,201702,"$3,466,000,000.00 ","$1,155,333,334.00 ",GrossProfit
Delta,20171,201703,"$3,466,000,000.00 ","$1,155,333,334.00 ",GrossProfit
Delta,20172,201704,"$4,541,000,000.00 ","$1,513,666,667.00 ",GrossProfit
Delta,20172,201705,"$4,541,000,000.00 ","$1,513,666,667.00 ",GrossProfit
Delta,20172,201706,"$4,541,000,000.00 ","$1,513,666,667.00 ",GrossProfit
Delta,20173,201707,"$4,598,000,000.00 ","$1,532,666,667.00 ",GrossProfit
Delta,20173,201708,"$4,598,000,000.00 ","$1,532,666,667.00 ",GrossProfit
Delta,20173,201709,"$4,598,000,000.00 ","$1,532,666,667.00 ",GrossProfit
Delta,20174,201710,"$3,980,000,000.00 ","$1,326,666,667.00 ",GrossProfit
Delta,20174,201711,"$3,980,000,000.00 ","$1,326,666,667.00 ",GrossProfit
Delta,20174,201712,"$3,980,000,000.00 ","$1,326,666,667.00 ",GrossProfit
Delta,20181,201801,"$3,615,000,000.00 ","$1,205,000,000.00 ",GrossProfit
Delta,20181,201802,"$3,615,000,000.00 ","$1,205,000,000.00 ",GrossProfit
Delta,20181,201803,"$3,615,000,000.00 ","$1,205,000,000.00 ",GrossProfit
Delta,20182,201804,"$4,573,000,000.00 ","$1,524,333,334.00 ",GrossProfit
Delta,20182,201805,"$4,573,000,000.00 ","$1,524,333,334.00 ",GrossProfit
Delta,20182,201806,"$4,573,000,000.00 ","$1,524,333,334.00 ",GrossProfit
Delta,20183,201807,"$4,503,000,000.00 ","$1,501,000,000.00 ",GrossProfit
Delta,20183,201808,"$4,503,000,000.00 ","$1,501,000,000.00 ",GrossProfit
Delta,20183,201809,"$4,503,000,000.00 ","$1,501,000,000.00 ",GrossProfit
Delta,20184,201810,"$3,699,000,000.00 ","$1,233,000,000.00 ",GrossProfit
Delta,20184,201811,"$3,699,000,000.00 ","$1,233,000,000.00 ",GrossProfit
Delta,20184,201812,"$3,699,000,000.00 ","$1,233,000,000.00 ",GrossProfit
Delta,20191,201901,"$3,735,000,000.00 ","$1,245,000,000.00 ",GrossProfit
Delta,20191,201902,"$3,735,000,000.00 ","$1,245,000,000.00 ",GrossProfit
Delta,20191,201903,"$3,735,000,000.00 ","$1,245,000,000.00 ",GrossProfit
Delta,20192,201904,"$5,013,000,000.00 ","$1,671,000,000.00 ",GrossProfit
Delta,20192,201905,"$5,013,000,000.00 ","$1,671,000,000.00 ",GrossProfit
Delta,20192,201906,"$5,013,000,000.00 ","$1,671,000,000.00 ",GrossProfit
Delta,20193,201907,"$4,896,000,000.00 ","$1,632,000,000.00 ",GrossProfit
Delta,20193,201908,"$4,896,000,000.00 ","$1,632,000,000.00 ",GrossProfit
Delta,20193,201909,"$4,896,000,000.00 ","$1,632,000,000.00 ",GrossProfit
Delta,20194,201910,"$2,996,000,000.00 ","$998,666,667.00 ",GrossProfit
Delta,20194,201911,"$2,996,000,000.00 ","$998,666,667.00 ",GrossProfit
Delta,20194,201912,"$2,996,000,000.00 ","$998,666,667.00 ",GrossProfit
Delta,20201,202001,"$1,995,000,000.00 ","$665,000,000.00 ",GrossProfit
Delta,20201,202002,"$1,995,000,000.00 ","$665,000,000.00 ",GrossProfit
Delta,20201,202003,"$1,995,000,000.00 ","$665,000,000.00 ",GrossProfit
Delta,20202,202004,"($2,052,000,000.00)","($684,000,000.00)",GrossProfit
Delta,20202,202005,"($2,052,000,000.00)","($684,000,000.00)",GrossProfit
Delta,20202,202006,"($2,052,000,000.00)","($684,000,000.00)",GrossProfit
Delta,20203,202007,"($610,000,000.00)","($203,333,334.00)",GrossProfit
Delta,20203,202008,"($610,000,000.00)","($203,333,334.00)",GrossProfit
Delta,20203,202009,"($610,000,000.00)","($203,333,334.00)",GrossProfit
Delta,20204,202010,"$27,000,000.00 ","$9,000,000.00 ",GrossProfit
Delta,20204,202011,"$27,000,000.00 ","$9,000,000.00 ",GrossProfit
Delta,20204,202012,"$27,000,000.00 ","$9,000,000.00 ",GrossProfit
Delta,20211,202101,"($597,000,000.00)","($199,000,000.00)",GrossProfit
Delta,20211,202102,"($597,000,000.00)","($199,000,000.00)",GrossProfit
Delta,20211,202103,"($597,000,000.00)","($199,000,000.00)",GrossProfit
Delta,20212,202104,"$1,715,000,000.00 ","$571,666,667.00 ",GrossProfit
Delta,20212,202105,"$1,715,000,000.00 ","$571,666,667.00 ",GrossProfit
Delta,20212,202106,"$1,715,000,000.00 ","$571,666,667.00 ",GrossProfit
Delta,20213,202107,"$3,114,000,000.00 ","$1,038,000,000.00 ",GrossProfit
Delta,20213,202108,"$3,114,000,000.00 ","$1,038,000,000.00 ",GrossProfit
Delta,20213,202109,"$3,114,000,000.00 ","$1,038,000,000.00 ",GrossProfit
Delta,20214,202110,"$3,172,000,000.00 ","$1,057,333,334.00 ",GrossProfit
Delta,20214,202111,"$3,172,000,000.00 ","$1,057,333,334.00 ",GrossProfit
Delta,20214,202112,"$3,172,000,000.00 ","$1,057,333,334.00 ",GrossProfit
Delta,20221,202201,"$2,311,000,000.00 ","$770,333,334.00 ",GrossProfit
Delta,20221,202202,"$2,311,000,000.00 ","$770,333,334.00 ",GrossProfit
Delta,20221,202203,"$2,311,000,000.00 ","$770,333,334.00 ",GrossProfit
Delta,20222,202204,"$5,237,000,000.00 ","$1,745,666,667.00 ",GrossProfit
Delta,20222,202205,"$5,237,000,000.00 ","$1,745,666,667.00 ",GrossProfit
Delta,20222,202206,"$5,237,000,000.00 ","$1,745,666,667.00 ",GrossProfit
Delta,20223,202207,"$4,903,000,000.00 ","$1,634,333,334.00 ",GrossProfit
Delta,20223,202208,"$4,903,000,000.00 ","$1,634,333,334.00 ",GrossProfit
Delta,20223,202209,"$4,903,000,000.00 ","$1,634,333,334.00 ",GrossProfit
Delta,20171,201701,"$561,000,000.00 ","$187,000,000.00 ",NetIncome
Delta,20171,201702,"$561,000,000.00 ","$187,000,000.00 ",NetIncome
Delta,20171,201703,"$561,000,000.00 ","$187,000,000.00 ",NetIncome
Delta,20172,201704,"$1,186,000,000.00 ","$395,333,334.00 ",NetIncome
Delta,20172,201705,"$1,186,000,000.00 ","$395,333,334.00 ",NetIncome
Delta,20172,201706,"$1,186,000,000.00 ","$395,333,334.00 ",NetIncome
Delta,20173,201707,"$1,159,000,000.00 ","$386,333,334.00 ",NetIncome
Delta,20173,201708,"$1,159,000,000.00 ","$386,333,334.00 ",NetIncome
Delta,20173,201709,"$1,159,000,000.00 ","$386,333,334.00 ",NetIncome
Delta,20174,201710,"$299,000,000.00 ","$99,666,667.00 ",NetIncome
Delta,20174,201711,"$299,000,000.00 ","$99,666,667.00 ",NetIncome
Delta,20174,201712,"$299,000,000.00 ","$99,666,667.00 ",NetIncome
Delta,20181,201801,"$557,000,000.00 ","$185,666,667.00 ",NetIncome
Delta,20181,201802,"$557,000,000.00 ","$185,666,667.00 ",NetIncome
Delta,20181,201803,"$557,000,000.00 ","$185,666,667.00 ",NetIncome
Delta,20182,201804,"$1,036,000,000.00 ","$345,333,334.00 ",NetIncome
Delta,20182,201805,"$1,036,000,000.00 ","$345,333,334.00 ",NetIncome
Delta,20182,201806,"$1,036,000,000.00 ","$345,333,334.00 ",NetIncome
Delta,20183,201807,"$1,322,000,000.00 ","$440,666,667.00 ",NetIncome
Delta,20183,201808,"$1,322,000,000.00 ","$440,666,667.00 ",NetIncome
Delta,20183,201809,"$1,322,000,000.00 ","$440,666,667.00 ",NetIncome
Delta,20184,201810,"$1,020,000,000.00 ","$340,000,000.00 ",NetIncome
Delta,20184,201811,"$1,020,000,000.00 ","$340,000,000.00 ",NetIncome
Delta,20184,201812,"$1,020,000,000.00 ","$340,000,000.00 ",NetIncome
Delta,20191,201901,"$730,000,000.00 ","$243,333,334.00 ",NetIncome
Delta,20191,201902,"$730,000,000.00 ","$243,333,334.00 ",NetIncome
Delta,20191,201903,"$730,000,000.00 ","$243,333,334.00 ",NetIncome
Delta,20192,201904,"$1,443,000,000.00 ","$481,000,000.00 ",NetIncome
Delta,20192,201905,"$1,443,000,000.00 ","$481,000,000.00 ",NetIncome
Delta,20192,201906,"$1,443,000,000.00 ","$481,000,000.00 ",NetIncome
Delta,20193,201907,"$1,495,000,000.00 ","$498,333,334.00 ",NetIncome
Delta,20193,201908,"$1,495,000,000.00 ","$498,333,334.00 ",NetIncome
Delta,20193,201909,"$1,495,000,000.00 ","$498,333,334.00 ",NetIncome
Delta,20194,201910,"$1,099,000,000.00 ","$366,333,334.00 ",NetIncome
Delta,20194,201911,"$1,099,000,000.00 ","$366,333,334.00 ",NetIncome
Delta,20194,201912,"$1,099,000,000.00 ","$366,333,334.00 ",NetIncome
Delta,20201,202001,"($534,000,000.00)","($178,000,000.00)",NetIncome
Delta,20201,202002,"($534,000,000.00)","($178,000,000.00)",NetIncome
Delta,20201,202003,"($534,000,000.00)","($178,000,000.00)",NetIncome
Delta,20202,202004,"($5,717,000,000.00)","($1,905,666,667.00)",NetIncome
Delta,20202,202005,"($5,717,000,000.00)","($1,905,666,667.00)",NetIncome
Delta,20202,202006,"($5,717,000,000.00)","($1,905,666,667.00)",NetIncome
Delta,20203,202007,"($5,379,000,000.00)","($1,793,000,000.00)",NetIncome
Delta,20203,202008,"($5,379,000,000.00)","($1,793,000,000.00)",NetIncome
Delta,20203,202009,"($5,379,000,000.00)","($1,793,000,000.00)",NetIncome
Delta,20204,202010,"($755,000,000.00)","($251,666,667.00)",NetIncome
Delta,20204,202011,"($755,000,000.00)","($251,666,667.00)",NetIncome
Delta,20204,202012,"($755,000,000.00)","($251,666,667.00)",NetIncome
Delta,20211,202101,"($1,177,000,000.00)","($392,333,334.00)",NetIncome
Delta,20211,202102,"($1,177,000,000.00)","($392,333,334.00)",NetIncome
Delta,20211,202103,"($1,177,000,000.00)","($392,333,334.00)",NetIncome
Delta,20212,202104,"$652,000,000.00 ","$217,333,334.00 ",NetIncome
Delta,20212,202105,"$652,000,000.00 ","$217,333,334.00 ",NetIncome
Delta,20212,202106,"$652,000,000.00 ","$217,333,334.00 ",NetIncome
Delta,20213,202107,"$1,212,000,000.00 ","$404,000,000.00 ",NetIncome
Delta,20213,202108,"$1,212,000,000.00 ","$404,000,000.00 ",NetIncome
Delta,20213,202109,"$1,212,000,000.00 ","$404,000,000.00 ",NetIncome
Delta,20214,202110,"($407,000,000.00)","($135,666,667.00)",NetIncome
Delta,20214,202111,"($407,000,000.00)","($135,666,667.00)",NetIncome
Delta,20214,202112,"($407,000,000.00)","($135,666,667.00)",NetIncome
Delta,20221,202201,"($940,000,000.00)","($313,333,334.00)",NetIncome
Delta,20221,202202,"($940,000,000.00)","($313,333,334.00)",NetIncome
Delta,20221,202203,"($940,000,000.00)","($313,333,334.00)",NetIncome
Delta,20222,202204,"$735,000,000.00 ","$245,000,000.00 ",NetIncome
Delta,20222,202205,"$735,000,000.00 ","$245,000,000.00 ",NetIncome
Delta,20222,202206,"$735,000,000.00 ","$245,000,000.00 ",NetIncome
Delta,20223,202207,"$695,000,000.00 ","$231,666,667.00 ",NetIncome
Delta,20223,202208,"$695,000,000.00 ","$231,666,667.00 ",NetIncome
Delta,20223,202209,"$695,000,000.00 ","$231,666,667.00 ",NetIncome
Delta,20171,201701,"$9,101,000,000.00 ","$3,033,666,667.00 ",Revenue
Delta,20171,201702,"$9,101,000,000.00 ","$3,033,666,667.00 ",Revenue
Delta,20171,201703,"$9,101,000,000.00 ","$3,033,666,667.00 ",Revenue
Delta,20172,201704,"$10,747,000,000.00 ","$3,582,333,334.00 ",Revenue
Delta,20172,201705,"$10,747,000,000.00 ","$3,582,333,334.00 ",Revenue
Delta,20172,201706,"$10,747,000,000.00 ","$3,582,333,334.00 ",Revenue
Delta,20173,201707,"$11,061,000,000.00 ","$3,687,000,000.00 ",Revenue
Delta,20173,201708,"$11,061,000,000.00 ","$3,687,000,000.00 ",Revenue
Delta,20173,201709,"$11,061,000,000.00 ","$3,687,000,000.00 ",Revenue
Delta,20174,201710,"$10,229,000,000.00 ","$3,409,666,667.00 ",Revenue
Delta,20174,201711,"$10,229,000,000.00 ","$3,409,666,667.00 ",Revenue
Delta,20174,201712,"$10,229,000,000.00 ","$3,409,666,667.00 ",Revenue
Delta,20181,201801,"$9,968,000,000.00 ","$3,322,666,667.00 ",Revenue
Delta,20181,201802,"$9,968,000,000.00 ","$3,322,666,667.00 ",Revenue
Delta,20181,201803,"$9,968,000,000.00 ","$3,322,666,667.00 ",Revenue
Delta,20182,201804,"$11,775,000,000.00 ","$3,925,000,000.00 ",Revenue
Delta,20182,201805,"$11,775,000,000.00 ","$3,925,000,000.00 ",Revenue
Delta,20182,201806,"$11,775,000,000.00 ","$3,925,000,000.00 ",Revenue
Delta,20183,201807,"$11,953,000,000.00 ","$3,984,333,334.00 ",Revenue
Delta,20183,201808,"$11,953,000,000.00 ","$3,984,333,334.00 ",Revenue
Delta,20183,201809,"$11,953,000,000.00 ","$3,984,333,334.00 ",Revenue
Delta,20184,201810,"$10,742,000,000.00 ","$3,580,666,667.00 ",Revenue
Delta,20184,201811,"$10,742,000,000.00 ","$3,580,666,667.00 ",Revenue
Delta,20184,201812,"$10,742,000,000.00 ","$3,580,666,667.00 ",Revenue
Delta,20191,201901,"$10,472,000,000.00 ","$3,490,666,667.00 ",Revenue
Delta,20191,201902,"$10,472,000,000.00 ","$3,490,666,667.00 ",Revenue
Delta,20191,201903,"$10,472,000,000.00 ","$3,490,666,667.00 ",Revenue
Delta,20192,201904,"$12,536,000,000.00 ","$4,178,666,667.00 ",Revenue
Delta,20192,201905,"$12,536,000,000.00 ","$4,178,666,667.00 ",Revenue
Delta,20192,201906,"$12,536,000,000.00 ","$4,178,666,667.00 ",Revenue
Delta,20193,201907,"$12,560,000,000.00 ","$4,186,666,667.00 ",Revenue
Delta,20193,201908,"$12,560,000,000.00 ","$4,186,666,667.00 ",Revenue
Delta,20193,201909,"$12,560,000,000.00 ","$4,186,666,667.00 ",Revenue
Delta,20194,201910,"$11,439,000,000.00 ","$3,813,000,000.00 ",Revenue
Delta,20194,201911,"$11,439,000,000.00 ","$3,813,000,000.00 ",Revenue
Delta,20194,201912,"$11,439,000,000.00 ","$3,813,000,000.00 ",Revenue
Delta,20201,202001,"$8,592,000,000.00 ","$2,864,000,000.00 ",Revenue
Delta,20201,202002,"$8,592,000,000.00 ","$2,864,000,000.00 ",Revenue
Delta,20201,202003,"$8,592,000,000.00 ","$2,864,000,000.00 ",Revenue
Delta,20202,202004,"$1,468,000,000.00 ","$489,333,334.00 ",Revenue
Delta,20202,202005,"$1,468,000,000.00 ","$489,333,334.00 ",Revenue
Delta,20202,202006,"$1,468,000,000.00 ","$489,333,334.00 ",Revenue
Delta,20203,202007,"$3,062,000,000.00 ","$1,020,666,667.00 ",Revenue
Delta,20203,202008,"$3,062,000,000.00 ","$1,020,666,667.00 ",Revenue
Delta,20203,202009,"$3,062,000,000.00 ","$1,020,666,667.00 ",Revenue
Delta,20204,202010,"$3,973,000,000.00 ","$1,324,333,334.00 ",Revenue
Delta,20204,202011,"$3,973,000,000.00 ","$1,324,333,334.00 ",Revenue
Delta,20204,202012,"$3,973,000,000.00 ","$1,324,333,334.00 ",Revenue
Delta,20211,202101,"$4,150,000,000.00 ","$1,383,333,334.00 ",Revenue
Delta,20211,202102,"$4,150,000,000.00 ","$1,383,333,334.00 ",Revenue
Delta,20211,202103,"$4,150,000,000.00 ","$1,383,333,334.00 ",Revenue
Delta,20212,202104,"$7,126,000,000.00 ","$2,375,333,334.00 ",Revenue
Delta,20212,202105,"$7,126,000,000.00 ","$2,375,333,334.00 ",Revenue
Delta,20212,202106,"$7,126,000,000.00 ","$2,375,333,334.00 ",Revenue
Delta,20213,202107,"$9,154,000,000.00 ","$3,051,333,334.00 ",Revenue
Delta,20213,202108,"$9,154,000,000.00 ","$3,051,333,334.00 ",Revenue
Delta,20213,202109,"$9,154,000,000.00 ","$3,051,333,334.00 ",Revenue
Delta,20214,202110,"$9,469,000,000.00 ","$3,156,333,334.00 ",Revenue
Delta,20214,202111,"$9,469,000,000.00 ","$3,156,333,334.00 ",Revenue
Delta,20214,202112,"$9,469,000,000.00 ","$3,156,333,334.00 ",Revenue
Delta,20221,202201,"$9,348,000,000.00 ","$3,116,000,000.00 ",Revenue
Delta,20221,202202,"$9,348,000,000.00 ","$3,116,000,000.00 ",Revenue
Delta,20221,202203,"$9,348,000,000.00 ","$3,116,000,000.00 ",Revenue
Delta,20222,202204,"$13,824,000,000.00 ","$4,608,000,000.00 ",Revenue
Delta,20222,202205,"$13,824,000,000.00 ","$4,608,000,000.00 ",Revenue
Delta,20222,202206,"$13,824,000,000.00 ","$4,608,000,000.00 ",Revenue
Delta,20223,202207,"$13,975,000,000.00 ","$4,658,333,334.00 ",Revenue
Delta,20223,202208,"$13,975,000,000.00 ","$4,658,333,334.00 ",Revenue
Delta,20223,202209,"$13,975,000,000.00 ","$4,658,333,334.00 ",Revenue
